/*
SQLyog Community v13.1.9 (64 bit)
MySQL - 10.5.16-MariaDB : Database - db_wss_system
*********************************************************************
*/

/*!40101 SET NAMES utf8 */;

/*!40101 SET SQL_MODE=''*/;

/*!40014 SET @OLD_UNIQUE_CHECKS=@@UNIQUE_CHECKS, UNIQUE_CHECKS=0 */;
/*!40014 SET @OLD_FOREIGN_KEY_CHECKS=@@FOREIGN_KEY_CHECKS, FOREIGN_KEY_CHECKS=0 */;
/*!40101 SET @OLD_SQL_MODE=@@SQL_MODE, SQL_MODE='NO_AUTO_VALUE_ON_ZERO' */;
/*!40111 SET @OLD_SQL_NOTES=@@SQL_NOTES, SQL_NOTES=0 */;
CREATE DATABASE /*!32312 IF NOT EXISTS*/`db_wss_system` /*!40100 DEFAULT CHARACTER SET utf8 */;

USE `db_wss_system`;

/*Table structure for table `brg_atk` */

DROP TABLE IF EXISTS `brg_atk`;

CREATE TABLE `brg_atk` (
  `id` int(11) NOT NULL AUTO_INCREMENT,
  `kode` varchar(255) DEFAULT NULL,
  `name_brg` varchar(255) DEFAULT NULL,
  `satuan` int(11) DEFAULT NULL,
  `stok_awal` int(11) DEFAULT NULL,
  `masuk` int(11) DEFAULT NULL,
  `keluar` int(11) DEFAULT NULL,
  `stok_akhir` int(11) DEFAULT NULL,
  `harga` int(11) DEFAULT NULL,
  `tgl_add` datetime DEFAULT NULL,
  `status` int(11) DEFAULT NULL,
  `id_user_add` int(11) DEFAULT NULL,
  `id_user_edit` int(11) DEFAULT NULL,
  `id_user_delete` int(11) DEFAULT NULL,
  PRIMARY KEY (`id`)
) ENGINE=InnoDB AUTO_INCREMENT=543 DEFAULT CHARSET=utf8;

/*Data for the table `brg_atk` */

insert  into `brg_atk`(`id`,`kode`,`name_brg`,`satuan`,`stok_awal`,`masuk`,`keluar`,`stok_akhir`,`harga`,`tgl_add`,`status`,`id_user_add`,`id_user_edit`,`id_user_delete`) values 
(1,'AT-210001','AMPLOP COKLAT A3 ',1,0,0,0,0,0,'2023-01-23 00:00:00',1,NULL,NULL,NULL),
(2,'AT-210002','AMPLOP COKLAT A3 LOGO',1,0,0,0,0,0,'2023-01-23 00:00:00',1,NULL,NULL,NULL),
(3,'AT-210003','AMPLOP COKLAT A4 ',1,0,0,0,0,0,'2023-01-23 00:00:00',1,NULL,NULL,NULL),
(4,'AT-210004','AMPLOP COKLAT A4 LOGO ',1,0,0,0,0,0,'2023-01-23 00:00:00',1,NULL,NULL,NULL),
(5,'AT-210005','AMPLOP COKLAT F4',1,0,0,0,0,0,'2023-01-23 00:00:00',1,NULL,NULL,NULL),
(6,'AT-210006','AMPLOP PUTIH F4 LOGO SCI',1,0,0,0,0,0,'2023-01-23 00:00:00',1,NULL,NULL,NULL),
(7,'AT-210007','AMPLOP PUTIH A3 LOGO',1,0,0,0,0,0,'2023-01-23 00:00:00',1,NULL,NULL,NULL),
(8,'AT-210008','AMPLOP PUTIH NO. 104 ',2,0,0,0,0,0,'2023-01-23 00:00:00',1,NULL,NULL,NULL),
(9,'AT-210009','AMPLOP PUTIH NO. 90 ',2,0,0,0,0,0,'2023-01-23 00:00:00',1,NULL,NULL,NULL),
(10,'AT-210010','AMPLOP PUTIH NO. 90 LOGO',2,0,0,0,0,0,'2023-01-23 00:00:00',1,NULL,NULL,NULL),
(11,'AT-210011','BALLPOINT BALL LINER PILOT BIRU',3,0,0,0,0,0,'2023-01-23 00:00:00',1,NULL,NULL,NULL),
(12,'AT-210012','BALLPOINT BALL LINER PILOT HITAM',3,0,0,0,0,0,'2023-01-23 00:00:00',1,NULL,NULL,NULL),
(13,'AT-210013','BALLPOINT FASTER C6',3,0,0,0,0,0,'2023-01-23 00:00:00',1,NULL,NULL,NULL),
(14,'AT-210014','BALLPOINT FASTER C600',3,0,0,0,0,0,'2023-01-23 00:00:00',1,NULL,NULL,NULL),
(15,'AT-210015','BALLPOINT JOYKO GEL PEN JK-100',3,0,0,0,0,0,'2023-01-23 00:00:00',1,NULL,NULL,NULL),
(16,'AT-210016','BALLPOINT KENKO K-1',3,0,0,0,0,0,'2023-01-23 00:00:00',1,NULL,NULL,NULL),
(17,'AT-210017','BALLPOINT ZEBRA SARASA',3,0,0,0,0,0,'2023-01-23 00:00:00',1,NULL,NULL,NULL),
(18,'AT-210018','BALLPOINT PILOT G2-07',3,0,0,0,0,0,'2023-01-23 00:00:00',1,NULL,NULL,NULL),
(19,'AT-210019','BALLPOINT SNOWMAN V2/V5',3,0,0,0,0,0,'2023-01-23 00:00:00',1,NULL,NULL,NULL),
(20,'AT-210020','BALLPOINT STANDARD AE7',3,0,0,0,0,0,'2023-01-23 00:00:00',1,NULL,NULL,NULL),
(21,'AT-210021','BALLPOINT STANDARD B-GEL 0,7',3,0,0,0,0,0,'2023-01-23 00:00:00',1,NULL,NULL,NULL),
(22,'AT-210022','BALLPOINT STANDARD B-GEL 0.5',3,0,0,0,0,0,'2023-01-23 00:00:00',1,NULL,NULL,NULL),
(23,'AT-210023','BALLPOINT STANDARD BOLDLINER PRO 1.0',3,0,0,0,0,0,'2023-01-23 00:00:00',1,NULL,NULL,NULL),
(24,'AT-210024','BALLPOINT STANDARD BOLDLINER PRO 0.8',3,0,0,0,0,0,'2023-01-23 00:00:00',1,NULL,NULL,NULL),
(25,'AT-210025','BALLPOINT TEMPEL',3,0,0,0,0,0,'2023-01-23 00:00:00',1,NULL,NULL,NULL),
(26,'AT-210026','BATERAI 9V ',3,0,0,0,0,0,'2023-01-23 00:00:00',1,NULL,NULL,NULL),
(27,'AT-210027','BATERAI  ALKALINE 9 VOLT',3,0,0,0,0,0,'2023-01-23 00:00:00',1,NULL,NULL,NULL),
(28,'AT-210028','BATERAI ABC  BIASA',3,0,0,0,0,0,'2023-01-23 00:00:00',1,NULL,NULL,NULL),
(29,'AT-210029','BATERAI ABC ALKALINE AA',4,0,0,0,0,0,'2023-01-23 00:00:00',1,NULL,NULL,NULL),
(30,'AT-210030','BATERAI ABC ALKALINE AAA',4,0,0,0,0,0,'2023-01-23 00:00:00',1,NULL,NULL,NULL),
(31,'AT-210031','BATERAI BESAR',3,0,0,0,0,0,'2023-01-23 00:00:00',1,NULL,NULL,NULL),
(32,'AT-210032','BINDER CLIPS NO. 105',2,0,0,0,0,0,'2023-01-23 00:00:00',1,NULL,NULL,NULL),
(33,'AT-210033','BINDER CLIPS NO. 107',2,0,0,0,0,0,'2023-01-23 00:00:00',1,NULL,NULL,NULL),
(34,'AT-210034','BINDER CLIPS NO. 111',2,0,0,0,0,0,'2023-01-23 00:00:00',1,NULL,NULL,NULL),
(35,'AT-210035','BINDER CLIPS NO. 155',2,0,0,0,0,0,'2023-01-23 00:00:00',1,NULL,NULL,NULL),
(36,'AT-210036','BINDER CLIPS NO. 200',2,0,0,0,0,0,'2023-01-23 00:00:00',1,NULL,NULL,NULL),
(37,'AT-210037','BINDER CLIPS NO. 260',2,0,0,0,0,0,'2023-01-23 00:00:00',1,NULL,NULL,NULL),
(38,'AT-210038','BLOCK NOTE UK A4 (SPIRAL)',3,0,0,0,0,0,'2023-01-23 00:00:00',1,NULL,NULL,NULL),
(39,'AT-210039','BLOCK NOTE UK A4 ',3,0,0,0,0,0,'2023-01-23 00:00:00',1,NULL,NULL,NULL),
(40,'AT-210040','BLOCK NOTE UK A5 - 4ENGAH FOLIO (SPIRAL)',3,0,0,0,0,0,'2023-01-23 00:00:00',1,NULL,NULL,NULL),
(41,'AT-210041','BLOCK NOTE UK FOLIO',3,0,0,0,0,0,'2023-01-23 00:00:00',1,NULL,NULL,NULL),
(42,'AT-210042','BLOCK NOTE UK A5 - 4ENGAH FOLIO',3,0,0,0,0,0,'2023-01-23 00:00:00',1,NULL,NULL,NULL),
(43,'AT-210043','7 FILE BANTEX 4011 F4 10CM ',3,0,0,0,0,0,'2023-01-23 00:00:00',1,NULL,NULL,NULL),
(44,'AT-210044','7 FILE BANTEX 4011 F4 10CM  LOGO',3,0,0,0,0,0,'2023-01-23 00:00:00',1,NULL,NULL,NULL),
(45,'AT-210045','9 DISPOSISI DIRUT',3,0,0,0,0,0,'2023-01-23 00:00:00',1,NULL,NULL,NULL),
(46,'AT-210046','9 DISPOSISI DIRPSDK',3,0,0,0,0,0,'2023-01-23 00:00:00',1,NULL,NULL,NULL),
(47,'AT-210047','9 DISPOSISI DIV. PBK',3,0,0,0,0,0,'2023-01-23 00:00:00',1,NULL,NULL,NULL),
(48,'AT-210048','9 DISPOSISI DIVRE BARAT',3,0,0,0,0,0,'2023-01-23 00:00:00',1,NULL,NULL,NULL),
(49,'AT-210049','9 FROM THE DESK DIVRE BARAT',3,0,0,0,0,0,'2023-01-23 00:00:00',1,NULL,NULL,NULL),
(50,'AT-210050','9 EKSPEDISI 100 1',3,0,0,0,0,0,'2023-01-23 00:00:00',1,NULL,NULL,NULL),
(51,'AT-210051','9 EKSPEDISI 200 1',3,0,0,0,0,0,'2023-01-23 00:00:00',1,NULL,NULL,NULL),
(52,'AT-210052','9 FOLIO 100 1',3,0,0,0,0,0,'2023-01-23 00:00:00',1,NULL,NULL,NULL),
(53,'AT-210053','9 FOLIO 200 1',3,0,0,0,0,0,'2023-01-23 00:00:00',1,NULL,NULL,NULL),
(54,'AT-210054','9 KWARTO 100 1',3,0,0,0,0,0,'2023-01-23 00:00:00',1,NULL,NULL,NULL),
(55,'AT-210055','9 KWARTO 200 1',3,0,0,0,0,0,'2023-01-23 00:00:00',1,NULL,NULL,NULL),
(56,'AT-210056','9 KWITANSI BESAR',3,0,0,0,0,0,'2023-01-23 00:00:00',1,NULL,NULL,NULL),
(57,'AT-210057','9 KWITANSI KECIL',3,0,0,0,0,0,'2023-01-23 00:00:00',1,NULL,NULL,NULL),
(58,'AT-210058','BUSINESS FILE A4 ',3,0,0,0,0,0,'2023-01-23 00:00:00',1,NULL,NULL,NULL),
(59,'AT-210059','BUSSINES FILE F4',3,0,0,0,0,0,'2023-01-23 00:00:00',1,NULL,NULL,NULL),
(60,'AT-210060','CABLE TIS 25 CM (100 BH)',5,0,0,0,0,0,'2023-01-23 00:00:00',1,NULL,NULL,NULL),
(61,'AT-210061','CALCULATOR CITIZEN SDC 868',3,0,0,0,0,0,'2023-01-23 00:00:00',1,NULL,NULL,NULL),
(62,'AT-210062','CALCULATOR CITIZEN SDC 812',3,0,0,0,0,0,'2023-01-23 00:00:00',1,NULL,NULL,NULL),
(63,'AT-210063','CALCULATOR  12 DIGIT',3,0,0,0,0,0,'2023-01-23 00:00:00',1,NULL,NULL,NULL),
(64,'AT-210064','PITA  BROTHER EM 630',3,0,0,0,0,0,'2023-01-23 00:00:00',1,NULL,NULL,NULL),
(65,'AT-210065','CARTRIDGE BROTHER LC 47 BK',3,0,0,0,0,0,'2023-01-23 00:00:00',1,NULL,NULL,NULL),
(66,'AT-210066','CARTRIDGE BROTHER LC 47 C',3,0,0,0,0,0,'2023-01-23 00:00:00',1,NULL,NULL,NULL),
(67,'AT-210067','CARTRIDGE BROTHER LC 47 M',3,0,0,0,0,0,'2023-01-23 00:00:00',1,NULL,NULL,NULL),
(68,'AT-210068','CARTRIDGE BROTHER LC 47 Y',3,0,0,0,0,0,'2023-01-23 00:00:00',1,NULL,NULL,NULL),
(69,'AT-210069','CARTRIDGE BROTHER LC 583 BK',3,0,0,0,0,0,'2023-01-23 00:00:00',1,NULL,NULL,NULL),
(70,'AT-210070','CARTRIDGE BROTHER LC 583 C',3,0,0,0,0,0,'2023-01-23 00:00:00',1,NULL,NULL,NULL),
(71,'AT-210071','CARTRIDGE BROTHER LC 583 M',3,0,0,0,0,0,'2023-01-23 00:00:00',1,NULL,NULL,NULL),
(72,'AT-210072','CARTRIDGE BROTHER LC 583 Y',3,0,0,0,0,0,'2023-01-23 00:00:00',1,NULL,NULL,NULL),
(73,'AT-210073','CARTRIDGE BROTHER LC 67 BK',3,0,0,0,0,0,'2023-01-23 00:00:00',1,NULL,NULL,NULL),
(74,'AT-210074','CARTRIDGE BROTHER LC 67 C',3,0,0,0,0,0,'2023-01-23 00:00:00',1,NULL,NULL,NULL),
(75,'AT-210075','CARTRIDGE BROTHER LC 67 M',3,0,0,0,0,0,'2023-01-23 00:00:00',1,NULL,NULL,NULL),
(76,'AT-210076','CARTRIDGE BROTHER LC 67 Y',3,0,0,0,0,0,'2023-01-23 00:00:00',1,NULL,NULL,NULL),
(77,'AT-210077','CARTRIDGE BROTHER TN 240 BK',3,0,0,0,0,0,'2023-01-23 00:00:00',1,NULL,NULL,NULL),
(78,'AT-210078','CARTRIDGE BROTHER TN 240 C',3,0,0,0,0,0,'2023-01-23 00:00:00',1,NULL,NULL,NULL),
(79,'AT-210079','CARTRIDGE BROTHER TN 240 M',3,0,0,0,0,0,'2023-01-23 00:00:00',1,NULL,NULL,NULL),
(80,'AT-210080','CARTRIDGE BROTHER TN 240 Y',3,0,0,0,0,0,'2023-01-23 00:00:00',1,NULL,NULL,NULL),
(81,'AT-210081','CARTRIDGE CANON CL 41 CLR',3,0,0,0,0,0,'2023-01-23 00:00:00',1,NULL,NULL,NULL),
(82,'AT-210082','CARTRIDGE CANON CL 741 CLR',3,0,0,0,0,0,'2023-01-23 00:00:00',1,NULL,NULL,NULL),
(83,'AT-210083','CARTRIDGE CANON CL 746 CLR',3,0,0,0,0,0,'2023-01-23 00:00:00',1,NULL,NULL,NULL),
(84,'AT-210084','CARTRIDGE CANON CL 811 CLR',3,0,0,0,0,0,'2023-01-23 00:00:00',1,NULL,NULL,NULL),
(85,'AT-210085','CARTRIDGE CANON PG 830 BK',3,0,0,0,0,0,'2023-01-23 00:00:00',1,NULL,NULL,NULL),
(86,'AT-210086','CARTRIDGE CANON CL 831 CLR',3,0,0,0,0,0,'2023-01-23 00:00:00',1,NULL,NULL,NULL),
(87,'AT-210087','CARTRIDGE CANON CLI 726 BK',3,0,0,0,0,0,'2023-01-23 00:00:00',1,NULL,NULL,NULL),
(88,'AT-210088','CARTRIDGE CANON CLI 726 C',3,0,0,0,0,0,'2023-01-23 00:00:00',1,NULL,NULL,NULL),
(89,'AT-210089','CARTRIDGE CANON CLI 726 M',3,0,0,0,0,0,'2023-01-23 00:00:00',1,NULL,NULL,NULL),
(90,'AT-210090','CARTRIDGE CANON CLI 726 Y',3,0,0,0,0,0,'2023-01-23 00:00:00',1,NULL,NULL,NULL),
(91,'AT-210091','CARTRIDGE CANON CLI 8 BK',3,0,0,0,0,0,'2023-01-23 00:00:00',1,NULL,NULL,NULL),
(92,'AT-210092','CARTRIDGE CANON CLI 821 BK',3,0,0,0,0,0,'2023-01-23 00:00:00',1,NULL,NULL,NULL),
(93,'AT-210093','CARTRIDGE CANON CLI 821 C',3,0,0,0,0,0,'2023-01-23 00:00:00',1,NULL,NULL,NULL),
(94,'AT-210094','CARTRIDGE CANON CLI 821 GY (GY)',3,0,0,0,0,0,'2023-01-23 00:00:00',1,NULL,NULL,NULL),
(95,'AT-210095','CARTRIDGE CANON CLI 821 M',3,0,0,0,0,0,'2023-01-23 00:00:00',1,NULL,NULL,NULL),
(96,'AT-210096','CARTRIDGE CANON CLI 821 Y',3,0,0,0,0,0,'2023-01-23 00:00:00',1,NULL,NULL,NULL),
(97,'AT-210097','CARTRIDGE CANON PG 40 BK',3,0,0,0,0,0,'2023-01-23 00:00:00',1,NULL,NULL,NULL),
(98,'AT-210098','CARTRIDGE CANON PG 740 BK',3,0,0,0,0,0,'2023-01-23 00:00:00',1,NULL,NULL,NULL),
(99,'AT-210099','CARTRIDGE CANON PG 745 BK',3,0,0,0,0,0,'2023-01-23 00:00:00',1,NULL,NULL,NULL),
(100,'AT-210100','CARTRIDGE CANON PG 810 BK',3,0,0,0,0,0,'2023-01-23 00:00:00',1,NULL,NULL,NULL),
(101,'AT-210101','CARTRIDGE CANON PG 88 BK',3,0,0,0,0,0,'2023-01-23 00:00:00',1,NULL,NULL,NULL),
(102,'AT-210102','CARTRIDGE CANON PG 98 C',3,0,0,0,0,0,'2023-01-23 00:00:00',1,NULL,NULL,NULL),
(103,'AT-210103','CARTRIDGE CANON PGI- 7 BK /IX7000',3,0,0,0,0,0,'2023-01-23 00:00:00',1,NULL,NULL,NULL),
(104,'AT-210104','CARTRIDGE CANON PGI 725 BK',3,0,0,0,0,0,'2023-01-23 00:00:00',1,NULL,NULL,NULL),
(105,'AT-210105','CARTRIDGE CANON PGI 820 BK',3,0,0,0,0,0,'2023-01-23 00:00:00',1,NULL,NULL,NULL),
(106,'AT-210106','CARTRIDGE CANON PGI- 9 CLEAR',3,0,0,0,0,0,'2023-01-23 00:00:00',1,NULL,NULL,NULL),
(107,'AT-210107','CARTRIDGE CANON PGI- 9 CYAN',3,0,0,0,0,0,'2023-01-23 00:00:00',1,NULL,NULL,NULL),
(108,'AT-210108','CARTRIDGE CANON PGI- 9 FOTO CLEAR',3,0,0,0,0,0,'2023-01-23 00:00:00',1,NULL,NULL,NULL),
(109,'AT-210109','CARTRIDGE CANON PGI- 9 GREEN',3,0,0,0,0,0,'2023-01-23 00:00:00',1,NULL,NULL,NULL),
(110,'AT-210110','CARTRIDGE CANON PGI- 9 MAGENTA',3,0,0,0,0,0,'2023-01-23 00:00:00',1,NULL,NULL,NULL),
(111,'AT-210111','CARTRIDGE CANON PGI- 9 RED',3,0,0,0,0,0,'2023-01-23 00:00:00',1,NULL,NULL,NULL),
(112,'AT-210112','CARTRIDGE CANON PGI- 9 YELLOW',3,0,0,0,0,0,'2023-01-23 00:00:00',1,NULL,NULL,NULL),
(113,'AT-210113','CARTRIDGE EPSON LQ-2180',3,0,0,0,0,0,'2023-01-23 00:00:00',1,NULL,NULL,NULL),
(114,'AT-210114','CARTRIDGE EPSON LQ-2190',3,0,0,0,0,0,'2023-01-23 00:00:00',1,NULL,NULL,NULL),
(115,'AT-210115','CARTRIDGE EPSON LQ-2170 ',3,0,0,0,0,0,'2023-01-23 00:00:00',1,NULL,NULL,NULL),
(116,'AT-210116','TINTA EPSON T 0491 BK',3,0,0,0,0,0,'2023-01-23 00:00:00',1,NULL,NULL,NULL),
(117,'AT-210117','TINTA EPSON T 0492 C',3,0,0,0,0,0,'2023-01-23 00:00:00',1,NULL,NULL,NULL),
(118,'AT-210118','TINTA EPSON T 0493 M',3,0,0,0,0,0,'2023-01-23 00:00:00',1,NULL,NULL,NULL),
(119,'AT-210119','TINTA EPSON T 0494 Y',3,0,0,0,0,0,'2023-01-23 00:00:00',1,NULL,NULL,NULL),
(120,'AT-210120','TINTA EPSON T 0495 LC',3,0,0,0,0,0,'2023-01-23 00:00:00',1,NULL,NULL,NULL),
(121,'AT-210121','TINTA EPSON T 0496 LM',3,0,0,0,0,0,'2023-01-23 00:00:00',1,NULL,NULL,NULL),
(122,'AT-210122','TINTA EPSON T 0870',3,0,0,0,0,0,'2023-01-23 00:00:00',1,NULL,NULL,NULL),
(123,'AT-210123','TINTA EPSON T 0871 PHOTO BK',3,0,0,0,0,0,'2023-01-23 00:00:00',1,NULL,NULL,NULL),
(124,'AT-210124','TINTA EPSON T 0872 C',3,0,0,0,0,0,'2023-01-23 00:00:00',1,NULL,NULL,NULL),
(125,'AT-210125','TINTA EPSON T 0873 M',3,0,0,0,0,0,'2023-01-23 00:00:00',1,NULL,NULL,NULL),
(126,'AT-210126','TINTA EPSON T 0874 Y',3,0,0,0,0,0,'2023-01-23 00:00:00',1,NULL,NULL,NULL),
(127,'AT-210127','TINTA EPSON T 0877 RED',3,0,0,0,0,0,'2023-01-23 00:00:00',1,NULL,NULL,NULL),
(128,'AT-210128','TINTA EPSON T 0878 MATTE BK',3,0,0,0,0,0,'2023-01-23 00:00:00',1,NULL,NULL,NULL),
(129,'AT-210129','TINTA EPSON T 0879 ORANGE',3,0,0,0,0,0,'2023-01-23 00:00:00',1,NULL,NULL,NULL),
(130,'AT-210130','TINTA EPSON T 1431 BK ',3,0,0,0,0,0,'2023-01-23 00:00:00',1,NULL,NULL,NULL),
(131,'AT-210131','TINTA EPSON T 1432 C',3,0,0,0,0,0,'2023-01-23 00:00:00',1,NULL,NULL,NULL),
(132,'AT-210132','TINTA EPSON T 1433 M',3,0,0,0,0,0,'2023-01-23 00:00:00',1,NULL,NULL,NULL),
(133,'AT-210133','TINTA EPSON T 1434 Y',3,0,0,0,0,0,'2023-01-23 00:00:00',1,NULL,NULL,NULL),
(134,'AT-210134','CARTRIDGE HP 21 BK - C9351AA',3,0,0,0,0,0,'2023-01-23 00:00:00',1,NULL,NULL,NULL),
(135,'AT-210135','CARTRIDGE HP 22 CLR - C9352AA',3,0,0,0,0,0,'2023-01-23 00:00:00',1,NULL,NULL,NULL),
(136,'AT-210136','CARTRIDGE HP 564 BK - CB316WA',3,0,0,0,0,0,'2023-01-23 00:00:00',1,NULL,NULL,NULL),
(137,'AT-210137','CARTRIDGE HP 564 C - CB318WA',3,0,0,0,0,0,'2023-01-23 00:00:00',1,NULL,NULL,NULL),
(138,'AT-210138','CARTRIDGE HP 564 M - CB319WA',3,0,0,0,0,0,'2023-01-23 00:00:00',1,NULL,NULL,NULL),
(139,'AT-210139','CARTRIDGE HP 564 Y - CB320WA',3,0,0,0,0,0,'2023-01-23 00:00:00',1,NULL,NULL,NULL),
(140,'AT-210140','CARTRIDGE HP 678 BK - CZ107A',3,0,0,0,0,0,'2023-01-23 00:00:00',1,NULL,NULL,NULL),
(141,'AT-210141','CARTRIDGE HP 678 CLR - CZ108A',3,0,0,0,0,0,'2023-01-23 00:00:00',1,NULL,NULL,NULL),
(142,'AT-210142','CARTRIDGE HP 685 BK - CZ121AA',3,0,0,0,0,0,'2023-01-23 00:00:00',1,NULL,NULL,NULL),
(143,'AT-210143','CARTRIDGE HP 685 C - CZ122AA',3,0,0,0,0,0,'2023-01-23 00:00:00',1,NULL,NULL,NULL),
(144,'AT-210144','CARTRIDGE HP 685 M - CZ123AA',3,0,0,0,0,0,'2023-01-23 00:00:00',1,NULL,NULL,NULL),
(145,'AT-210145','CARTRIDGE HP 685 Y - CZ124AA',3,0,0,0,0,0,'2023-01-23 00:00:00',1,NULL,NULL,NULL),
(146,'AT-210146','CARTRIDGE HP 703 BK - CD887AA',3,0,0,0,0,0,'2023-01-23 00:00:00',1,NULL,NULL,NULL),
(147,'AT-210147','CARTRIDGE HP 703 CLR - CD888AA',3,0,0,0,0,0,'2023-01-23 00:00:00',1,NULL,NULL,NULL),
(148,'AT-210148','CARTRIDGE HP 704 BK - CN692AA',3,0,0,0,0,0,'2023-01-23 00:00:00',1,NULL,NULL,NULL),
(149,'AT-210149','CARTRIDGE HP 704 CLR - CN693AA',3,0,0,0,0,0,'2023-01-23 00:00:00',1,NULL,NULL,NULL),
(150,'AT-210150','CARTRIDGE HP 726 BK - CH575A',3,0,0,0,0,0,'2023-01-23 00:00:00',1,NULL,NULL,NULL),
(151,'AT-210151','CARTRIDGE HP 78 CLR - C6578DA',3,0,0,0,0,0,'2023-01-23 00:00:00',1,NULL,NULL,NULL),
(152,'AT-210152','CARTRIDGE HP 802 BK - CH563ZZ',3,0,0,0,0,0,'2023-01-23 00:00:00',1,NULL,NULL,NULL),
(153,'AT-210153','CARTRIDGE HP 802 CLR - CH564ZZ',3,0,0,0,0,0,'2023-01-23 00:00:00',1,NULL,NULL,NULL),
(154,'AT-210154','CARTRIDGE HP 901 BK - CC653AA ',3,0,0,0,0,0,'2023-01-23 00:00:00',1,NULL,NULL,NULL),
(155,'AT-210155','CARTRIDGE HP 901 CLR - CC656AA',3,0,0,0,0,0,'2023-01-23 00:00:00',1,NULL,NULL,NULL),
(156,'AT-210156','CARTRIDGE HP 920 BK - CD971AA',3,0,0,0,0,0,'2023-01-23 00:00:00',1,NULL,NULL,NULL),
(157,'AT-210157','CARTRIDGE HP 920 XL BK - CD975AN',3,0,0,0,0,0,'2023-01-23 00:00:00',1,NULL,NULL,NULL),
(158,'AT-210158','CARTRIDGE HP 920 XL C - CD972AA',3,0,0,0,0,0,'2023-01-23 00:00:00',1,NULL,NULL,NULL),
(159,'AT-210159','CARTRIDGE HP 920 XL M - CD973AA',3,0,0,0,0,0,'2023-01-23 00:00:00',1,NULL,NULL,NULL),
(160,'AT-210160','CARTRIDGE HP 920 XL Y - CD974AA',3,0,0,0,0,0,'2023-01-23 00:00:00',1,NULL,NULL,NULL),
(161,'AT-210161','CARTRIDGE HP 940 BK - C4902AA',3,0,0,0,0,0,'2023-01-23 00:00:00',1,NULL,NULL,NULL),
(162,'AT-210162','CARTRIDGE HP 940 XL BK - C4906AE',3,0,0,0,0,0,'2023-01-23 00:00:00',1,NULL,NULL,NULL),
(163,'AT-210163','CARTRIDGE HP 940 XL C - C4907AE',3,0,0,0,0,0,'2023-01-23 00:00:00',1,NULL,NULL,NULL),
(164,'AT-210164','CARTRIDGE HP 940 XL M - C4908AE',3,0,0,0,0,0,'2023-01-23 00:00:00',1,NULL,NULL,NULL),
(165,'AT-210165','CARTRIDGE HP 940 XL Y - C4908AE',3,0,0,0,0,0,'2023-01-23 00:00:00',1,NULL,NULL,NULL),
(166,'AT-210166','CARTRIDGE HP 95 CLR - C8766WA',3,0,0,0,0,0,'2023-01-23 00:00:00',1,NULL,NULL,NULL),
(167,'AT-210167','CARTRIDGE HP 950 XL BK - CN045AA',3,0,0,0,0,0,'2023-01-23 00:00:00',1,NULL,NULL,NULL),
(168,'AT-210168','CARTRIDGE HP 951 XL C - CN046AA',3,0,0,0,0,0,'2023-01-23 00:00:00',1,NULL,NULL,NULL),
(169,'AT-210169','CARTRIDGE HP 951 XL M - CN047AA',3,0,0,0,0,0,'2023-01-23 00:00:00',1,NULL,NULL,NULL),
(170,'AT-210170','CARTRIDGE HP 951 XL Y - CN048AA',3,0,0,0,0,0,'2023-01-23 00:00:00',1,NULL,NULL,NULL),
(171,'AT-210171','CARTRIDGE HP 951 XL M - CN047AA',3,0,0,0,0,0,'2023-01-23 00:00:00',1,NULL,NULL,NULL),
(172,'AT-210172','CARTRIDGE HP 951 XL Y - CN048AA',3,0,0,0,0,0,'2023-01-23 00:00:00',1,NULL,NULL,NULL),
(173,'AT-210173','CARTRIDGE HP 96 BK- C8767WA',3,0,0,0,0,0,'2023-01-23 00:00:00',1,NULL,NULL,NULL),
(174,'AT-210174','CARTRIDGE HP 97 CLR - C9363WA',3,0,0,0,0,0,'2023-01-23 00:00:00',1,NULL,NULL,NULL),
(175,'AT-210175','CARTRIDGE HP 98 BK - C9364W',3,0,0,0,0,0,'2023-01-23 00:00:00',1,NULL,NULL,NULL),
(176,'AT-210176','CASING CD MICA',3,0,0,0,0,0,'2023-01-23 00:00:00',1,NULL,NULL,NULL),
(177,'AT-210177','CD R GOLD (ISI 50)',14,0,0,0,0,0,'2023-01-23 00:00:00',1,NULL,NULL,NULL),
(178,'AT-210178','CD-R SILVER',3,0,0,0,0,0,'2023-01-23 00:00:00',1,NULL,NULL,NULL),
(179,'AT-210179','CD-R SILVER (ISI 50)',14,0,0,0,0,0,'2023-01-23 00:00:00',1,NULL,NULL,NULL),
(180,'AT-210180','CD-R SILVER + CASE',4,0,0,0,0,0,'2023-01-23 00:00:00',1,NULL,NULL,NULL),
(181,'AT-210181','CD-R GOLD + CASE',4,0,0,0,0,0,'2023-01-23 00:00:00',1,NULL,NULL,NULL),
(182,'AT-210182','CD-RW + CASE ',4,0,0,0,0,0,'2023-01-23 00:00:00',1,NULL,NULL,NULL),
(183,'AT-210183','CD-RW (ISI 25)',14,0,0,0,0,0,'2023-01-23 00:00:00',1,NULL,NULL,NULL),
(184,'AT-210184','CD-RW (ISI 50) ',14,0,0,0,0,0,'2023-01-23 00:00:00',1,NULL,NULL,NULL),
(185,'AT-210185','CETAKAN AMPLOP PUTIH A3 LOGO SERCO',1,0,0,0,0,0,'2023-01-23 00:00:00',1,NULL,NULL,NULL),
(186,'AT-210186','CLEAR HOLDER CH-20 (ISI 20)',4,0,0,0,0,0,'2023-01-23 00:00:00',1,NULL,NULL,NULL),
(187,'AT-210187','CLEAR HOLDER CH-40 (ISI 40)',4,0,0,0,0,0,'2023-01-23 00:00:00',1,NULL,NULL,NULL),
(188,'AT-210188','CLEAR HOLDER CH-60 (ISI 60)',4,0,0,0,0,0,'2023-01-23 00:00:00',1,NULL,NULL,NULL),
(189,'AT-210189','CLEAR SLEEVES A4 9001',1,0,0,0,0,0,'2023-01-23 00:00:00',1,NULL,NULL,NULL),
(190,'AT-210190','CLEAR SLEEVES F4 9002 ',1,0,0,0,0,0,'2023-01-23 00:00:00',1,NULL,NULL,NULL),
(191,'AT-210191','CLEAR SLEEVES F4 WARNA',1,0,0,0,0,0,'2023-01-23 00:00:00',1,NULL,NULL,NULL),
(192,'AT-210192','CONT FORM 14 7/8 X 11 - 1PLY ',2,0,0,0,0,0,'2023-01-23 00:00:00',1,NULL,NULL,NULL),
(193,'AT-210193','CONT FORM 9,5 X 11 - 2PLY JAYA',2,0,0,0,0,0,'2023-01-23 00:00:00',1,NULL,NULL,NULL),
(194,'AT-210194','CONT FORM 9.5 X 11 - 4PLY NEURO',2,0,0,0,0,0,'2023-01-23 00:00:00',1,NULL,NULL,NULL),
(195,'AT-210195','CONT FORM 9.5 X 11 - 5PLY',2,0,0,0,0,0,'2023-01-23 00:00:00',1,NULL,NULL,NULL),
(196,'AT-210196','CORRECTION TAPE MESIN TIK IBM ',3,0,0,0,0,0,'2023-01-23 00:00:00',1,NULL,NULL,NULL),
(197,'AT-210197','COVER MIKA A4 BENING',4,0,0,0,0,0,'2023-01-23 00:00:00',1,NULL,NULL,NULL),
(198,'AT-210198','COVER BUFFALO A4 BIRU',12,0,0,0,0,0,'2023-01-23 00:00:00',1,NULL,NULL,NULL),
(199,'AT-210199','CUTTER KENKO A-300 KECIL',3,0,0,0,0,0,'2023-01-23 00:00:00',1,NULL,NULL,NULL),
(200,'AT-210200','CUTTER KENKO L-500 BESAR',3,0,0,0,0,0,'2023-01-23 00:00:00',1,NULL,NULL,NULL),
(201,'AT-210201','DATA BAG EXTRA FILE',3,0,0,0,0,0,'2023-01-23 00:00:00',1,NULL,NULL,NULL),
(202,'AT-210202','DEVIDER BAMBI 2610 A4 (1-10)',4,0,0,0,0,0,'2023-01-23 00:00:00',1,NULL,NULL,NULL),
(203,'AT-210203','DIVIDER BAMBI 2612 - 1-12 WARNA',4,0,0,0,0,0,'2023-01-23 00:00:00',1,NULL,NULL,NULL),
(204,'AT-210204','DIVIDER BAMBI 2712 - 1-12',4,0,0,0,0,0,'2023-01-23 00:00:00',1,NULL,NULL,NULL),
(205,'AT-210205','DEVIDER BAMBI 2713 (JAN - DES)',4,0,0,0,0,0,'2023-01-23 00:00:00',1,NULL,NULL,NULL),
(206,'AT-210206','DEVIDER BAMBI 2731 (1-31)',4,0,0,0,0,0,'2023-01-23 00:00:00',1,NULL,NULL,NULL),
(207,'AT-210207','DEVIDER BANTEX 6233 (A-Z) WARNA',4,0,0,0,0,0,'2023-01-23 00:00:00',1,NULL,NULL,NULL),
(208,'AT-210208','DEVIDER BANTEX 6043 (A-Z)',4,0,0,0,0,0,'2023-01-23 00:00:00',1,NULL,NULL,NULL),
(209,'AT-210209','DEVIDER BANTEX 6051 (1-12)',4,0,0,0,0,0,'2023-01-23 00:00:00',1,NULL,NULL,NULL),
(210,'AT-210210','DIVIDER BANTEX INDEX 6240 A4 1-10',4,0,0,0,0,0,'2023-01-23 00:00:00',1,NULL,NULL,NULL),
(211,'AT-210211','DEVIDER BANTEX 6050 (1-10) ',4,0,0,0,0,0,'2023-01-23 00:00:00',1,NULL,NULL,NULL),
(212,'AT-210212','DOUBLE TAPE PUTIH 1/2 X 72 ',13,0,0,0,0,0,'2023-01-23 00:00:00',1,NULL,NULL,NULL),
(213,'AT-210213','DOUBLE TAPE POAM 3M  1/2 X 72 ',13,0,0,0,0,0,'2023-01-23 00:00:00',1,NULL,NULL,NULL),
(214,'AT-210214','DOUBLE TAPE POAM 3M  1 X 72',13,0,0,0,0,0,'2023-01-23 00:00:00',1,NULL,NULL,NULL),
(215,'AT-210215','DOUBLE TAPE POAM BIASA  1/2 X 72',13,0,0,0,0,0,'2023-01-23 00:00:00',1,NULL,NULL,NULL),
(216,'AT-210216','DOUBLE TAPE POAM BIASA   1 X 72',13,0,0,0,0,0,'2023-01-23 00:00:00',1,NULL,NULL,NULL),
(217,'AT-210217','DOUBLE TAPE PUTIH 1 X 72  ',13,0,0,0,0,0,'2023-01-23 00:00:00',1,NULL,NULL,NULL),
(218,'AT-210218','DRUM UNIT XEROX CM 305',4,0,0,0,0,0,'2023-01-23 00:00:00',1,NULL,NULL,NULL),
(219,'AT-210219','DVD-R ',3,0,0,0,0,0,'2023-01-23 00:00:00',1,NULL,NULL,NULL),
(220,'AT-210220','DVD-R (ISI 10)',7,0,0,0,0,0,'2023-01-23 00:00:00',1,NULL,NULL,NULL),
(221,'AT-210221','DVD-R (ISI 50)',7,0,0,0,0,0,'2023-01-23 00:00:00',1,NULL,NULL,NULL),
(222,'AT-210222','DVD-R GOLD (ISI 50)',7,0,0,0,0,0,'2023-01-23 00:00:00',1,NULL,NULL,NULL),
(223,'AT-210223','DVD-RW (ISI 10)',7,0,0,0,0,0,'2023-01-23 00:00:00',1,NULL,NULL,NULL),
(224,'AT-210224','DVD-RW (ISI 5)',7,0,0,0,0,0,'2023-01-23 00:00:00',1,NULL,NULL,NULL),
(225,'AT-210225','DVD-RW (ISI 50)',7,0,0,0,0,0,'2023-01-23 00:00:00',1,NULL,NULL,NULL),
(226,'AT-210226','DVD-RW + CASE',4,0,0,0,0,0,'2023-01-23 00:00:00',1,NULL,NULL,NULL),
(227,'AT-210227','ELEVETED TRAY EXECUTIVE 3 SUSUN',4,0,0,0,0,0,'2023-01-23 00:00:00',1,NULL,NULL,NULL),
(228,'AT-210228','EXT HARDDISK 1TB ',3,0,0,0,0,0,'2023-01-23 00:00:00',1,NULL,NULL,NULL),
(229,'AT-210229','EXT HARDDISK 2TB ',3,0,0,0,0,0,'2023-01-23 00:00:00',1,NULL,NULL,NULL),
(230,'AT-210230','EXT HARDDISK 4 TB ',3,0,0,0,0,0,'2023-01-23 00:00:00',1,NULL,NULL,NULL),
(231,'AT-210231','FLASH DISK USB 16 GB',3,0,0,0,0,0,'2023-01-23 00:00:00',1,NULL,NULL,NULL),
(232,'AT-210232','FLASH DISK USB 32 GB',3,0,0,0,0,0,'2023-01-23 00:00:00',1,NULL,NULL,NULL),
(233,'AT-210233','FLASH DISK USB 64 GB',3,0,0,0,0,0,'2023-01-23 00:00:00',1,NULL,NULL,NULL),
(234,'AT-210234','FLASH DISK USB 8 GB',3,0,0,0,0,0,'2023-01-23 00:00:00',1,NULL,NULL,NULL),
(235,'AT-210235','GUNTING BEST LL',3,0,0,0,0,0,'2023-01-23 00:00:00',1,NULL,NULL,NULL),
(236,'AT-210236','GUNTING BEST MM',3,0,0,0,0,0,'2023-01-23 00:00:00',1,NULL,NULL,NULL),
(237,'AT-210237','GUNTING BEST XL',3,0,0,0,0,0,'2023-01-23 00:00:00',1,NULL,NULL,NULL),
(238,'AT-210238','GUNTING KENKO SC 838',3,0,0,0,0,0,'2023-01-23 00:00:00',1,NULL,NULL,NULL),
(239,'AT-210239','GUNTING KENKO SC 848',3,0,0,0,0,0,'2023-01-23 00:00:00',1,NULL,NULL,NULL),
(240,'AT-210240','ISI CUTER BESAR L-150 ',15,0,0,0,0,0,'2023-01-23 00:00:00',1,NULL,NULL,NULL),
(241,'AT-210241','                ISI CUTER  KECIL A-100                                                                                                                                                                                                                         ',15,0,0,0,0,0,'2023-01-23 00:00:00',1,NULL,NULL,NULL),
(242,'AT-210242','ISI PENSIL MEKANIK',15,0,0,0,0,0,'2023-01-23 00:00:00',1,NULL,NULL,NULL),
(243,'AT-210243','KARTON LOGO SCI',1,0,0,0,0,0,'2023-01-23 00:00:00',1,NULL,NULL,NULL),
(244,'AT-210244','KARTONMANILA',1,0,0,0,0,0,'2023-01-23 00:00:00',1,NULL,NULL,NULL),
(245,'AT-210245','KARTU NAMA',7,0,0,0,0,0,'2023-01-23 00:00:00',1,NULL,NULL,NULL),
(246,'AT-210246','KERTAS CONCORDE A4 (10 1)',4,0,0,0,0,0,'2023-01-23 00:00:00',1,NULL,NULL,NULL),
(247,'AT-210247','KERTAS CONCORDE A4 ISI 250',4,0,0,0,0,0,'2023-01-23 00:00:00',1,NULL,NULL,NULL),
(248,'AT-210248','KERTAS FAX 210 X 30 ',13,0,0,0,0,0,'2023-01-23 00:00:00',1,NULL,NULL,NULL),
(249,'AT-210249','KERTAS FC A3 70GR BOLA DUNIA',12,0,0,0,0,0,'2023-01-23 00:00:00',1,NULL,NULL,NULL),
(250,'AT-210250','KERTAS FC A3 80GR BOLA DUNIA',12,0,0,0,0,0,'2023-01-23 00:00:00',1,NULL,NULL,NULL),
(251,'AT-210251','KERTAS FC A4 70 GR NEURO',12,0,0,0,0,0,'2023-01-23 00:00:00',1,NULL,NULL,NULL),
(252,'AT-210252','KERTAS FC A4 70GR BOLA DUNIA',12,0,0,0,0,0,'2023-01-23 00:00:00',1,NULL,NULL,NULL),
(253,'AT-210253','KERTAS FC A4 80GR BOLA DUNIA',12,0,0,0,0,0,'2023-01-23 00:00:00',1,NULL,NULL,NULL),
(254,'AT-210254','KERTAS FC A4 70GR SINAR DUNIA',12,0,0,0,0,0,'2023-01-23 00:00:00',1,NULL,NULL,NULL),
(255,'AT-210255','KERTAS FC A4 80GR SINAR DUNIA',12,0,0,0,0,0,'2023-01-23 00:00:00',1,NULL,NULL,NULL),
(256,'AT-210256','KERTAS FC F4 70GR BOLA DUNIA',12,0,0,0,0,0,'2023-01-23 00:00:00',1,NULL,NULL,NULL),
(257,'AT-210257','KERTAS FC F4 80GR BOLA DUNIA',12,0,0,0,0,0,'2023-01-23 00:00:00',1,NULL,NULL,NULL),
(258,'AT-210258','KERTAS FOTO GLOSSY ISI 100',4,0,0,0,0,0,'2023-01-23 00:00:00',1,NULL,NULL,NULL),
(259,'AT-210259','KERTAS PEMBATAS WARNA A4 70 GR ',12,0,0,0,0,0,'2023-01-23 00:00:00',1,NULL,NULL,NULL),
(260,'AT-210260','KERTAS PEMBATAS WARNA A4 80 GR',12,0,0,0,0,0,'2023-01-23 00:00:00',1,NULL,NULL,NULL),
(261,'AT-210261','KERTAS PEMBATAS WARNA F4 70 GR ',12,0,0,0,0,0,'2023-01-23 00:00:00',1,NULL,NULL,NULL),
(262,'AT-210262','KERTAS PEMBATAS WARNA F4 80 GR',12,0,0,0,0,0,'2023-01-23 00:00:00',1,NULL,NULL,NULL),
(263,'AT-210263','KERTAS SAMSON',1,0,0,0,0,0,'2023-01-23 00:00:00',1,NULL,NULL,NULL),
(264,'AT-210264','LAK MERAH',3,0,0,0,0,0,'2023-01-23 00:00:00',1,NULL,NULL,NULL),
(265,'AT-210265','LAKBAN BENING 24 MM',13,0,0,0,0,0,'2023-01-23 00:00:00',1,NULL,NULL,NULL),
(266,'AT-210266','LAKBAN COKLAT 24 MM',13,0,0,0,0,0,'2023-01-23 00:00:00',1,NULL,NULL,NULL),
(267,'AT-210267','LAKBAN BENING 48 MM ',13,0,0,0,0,0,'2023-01-23 00:00:00',1,NULL,NULL,NULL),
(268,'AT-210268','LAKBAN COKLAT 48 MM ',13,0,0,0,0,0,'2023-01-23 00:00:00',1,NULL,NULL,NULL),
(269,'AT-210269','LAKBAN KAIN HITAM 48',13,0,0,0,0,0,'2023-01-23 00:00:00',1,NULL,NULL,NULL),
(270,'AT-210270','LAKBAN KAIN 48MM (WARNA)',13,0,0,0,0,0,'2023-01-23 00:00:00',1,NULL,NULL,NULL),
(271,'AT-210271','LAKBAN  HITAM 24 MM',13,0,0,0,0,0,'2023-01-23 00:00:00',1,NULL,NULL,NULL),
(272,'AT-210272','LAKBAN KERTAS 48 MM',13,0,0,0,0,0,'2023-01-23 00:00:00',1,NULL,NULL,NULL),
(273,'AT-210273','LAKBAN KERTAS 24 MM',13,0,0,0,0,0,'2023-01-23 00:00:00',1,NULL,NULL,NULL),
(274,'AT-210274','LEM FOX 1 KG',8,0,0,0,0,0,'2023-01-23 00:00:00',1,NULL,NULL,NULL),
(275,'AT-210275','LEM UHU 25 GRAM',3,0,0,0,0,0,'2023-01-23 00:00:00',1,NULL,NULL,NULL),
(276,'AT-210276','LEM  UHU 40 GRAM',3,0,0,0,0,0,'2023-01-23 00:00:00',1,NULL,NULL,NULL),
(277,'AT-210277','LEM GLUE STICK 25 GRAM',3,0,0,0,0,0,'2023-01-23 00:00:00',1,NULL,NULL,NULL),
(278,'AT-210278','LEM GLUE STICK 40 GAR ',3,0,0,0,0,0,'2023-01-23 00:00:00',1,NULL,NULL,NULL),
(279,'AT-210279','1 DISPOSISI',9,0,0,0,0,0,'2023-01-23 00:00:00',1,NULL,NULL,NULL),
(280,'AT-210280','MAGNET WHITEBOARD',3,0,0,0,0,0,'2023-01-23 00:00:00',1,NULL,NULL,NULL),
(281,'AT-210281','MAP GANTUNG ROTARY FILE REF 220',3,0,0,0,0,0,'2023-01-23 00:00:00',1,NULL,NULL,NULL),
(282,'AT-210282','MAP PLASTIK KANCING ',3,0,0,0,0,0,'2023-01-23 00:00:00',1,NULL,NULL,NULL),
(283,'AT-210283','MAP GANTUNG ROTARY FILE REF 205',3,0,0,0,0,0,'2023-01-23 00:00:00',1,NULL,NULL,NULL),
(284,'AT-210284','MAP SCI BERJENDELA A4',3,0,0,0,0,0,'2023-01-23 00:00:00',1,NULL,NULL,NULL),
(285,'AT-210285','MAP SCI BERJENDELA F4',3,0,0,0,0,0,'2023-01-23 00:00:00',1,NULL,NULL,NULL),
(286,'AT-210286','MATERAI 3000',3,0,0,0,0,0,'2023-01-23 00:00:00',1,NULL,NULL,NULL),
(287,'AT-210287','MATERAI 6000',3,0,0,0,0,0,'2023-01-23 00:00:00',1,NULL,NULL,NULL),
(288,'AT-210288','COVER MIKA PLASTIK A4',5,0,0,0,0,0,'2023-01-23 00:00:00',1,NULL,NULL,NULL),
(289,'AT-210289','COVER MIKA PLASTIK F4',5,0,0,0,0,0,'2023-01-23 00:00:00',1,NULL,NULL,NULL),
(290,'AT-210290','MOUSE KABEL ',3,0,0,0,0,0,'2023-01-23 00:00:00',1,NULL,NULL,NULL),
(291,'AT-210291','MOUSE OPTIK USB',3,0,0,0,0,0,'2023-01-23 00:00:00',1,NULL,NULL,NULL),
(292,'AT-210292','MOUSE 11 / TATAKAN MOUSE',3,0,0,0,0,0,'2023-01-23 00:00:00',1,NULL,NULL,NULL),
(293,'AT-210293','MOUSE WIRELESS ',3,0,0,0,0,0,'2023-01-23 00:00:00',1,NULL,NULL,NULL),
(294,'AT-210294','NAME CARD HOLDER (ALBUM KARTU NAMA)',3,0,0,0,0,0,'2023-01-23 00:00:00',1,NULL,NULL,NULL),
(295,'AT-210295','ORDNER BAMBI 1170M 100MM',3,0,0,0,0,0,'2023-01-23 00:00:00',1,NULL,NULL,NULL),
(296,'AT-210296','ORDNER BAMBI 1173M (IPB) A4 30MM',3,0,0,0,0,0,'2023-01-23 00:00:00',1,NULL,NULL,NULL),
(297,'AT-210297','ORDNER BAMBI 1175 (IPB) A4 50MM',3,0,0,0,0,0,'2023-01-23 00:00:00',1,NULL,NULL,NULL),
(298,'AT-210298','ORDNER BAMBI 1175M (IPB) A4 50MM',3,0,0,0,0,0,'2023-01-23 00:00:00',1,NULL,NULL,NULL),
(299,'AT-210299','ORDNER BAMBI 1178 (IPB) A4 80MM',3,0,0,0,0,0,'2023-01-23 00:00:00',1,NULL,NULL,NULL),
(300,'AT-210300','ORDNER BAMBI 1178M (IPB) A4 80MM',3,0,0,0,0,0,'2023-01-23 00:00:00',1,NULL,NULL,NULL),
(301,'AT-210301','ORDNER BAMBI INSERT 2122M 30MM',3,0,0,0,0,0,'2023-01-23 00:00:00',1,NULL,NULL,NULL),
(302,'AT-210302','ORDNER BAMBI INSERT 2124M 50MM',3,0,0,0,0,0,'2023-01-23 00:00:00',1,NULL,NULL,NULL),
(303,'AT-210303','ORDNER BAMBI INSERT 2125M 65 MM',3,0,0,0,0,0,'2023-01-23 00:00:00',1,NULL,NULL,NULL),
(304,'AT-210304','ORDNER BANTEX 1311 (PPB) A4 10CM',3,0,0,0,0,0,'2023-01-23 00:00:00',1,NULL,NULL,NULL),
(305,'AT-210305','ORDNER BANTEX 1311 PUTIH',3,0,0,0,0,0,'2023-01-23 00:00:00',1,NULL,NULL,NULL),
(306,'AT-210306','ORDNER BANTEX 1391 PUTIH',3,0,0,0,0,0,'2023-01-23 00:00:00',1,NULL,NULL,NULL),
(307,'AT-210307','ORDNER BANTEX 1446 (LAF) F4 7CM ',3,0,0,0,0,0,'2023-01-23 00:00:00',1,NULL,NULL,NULL),
(308,'AT-210308','ORDNER BANTEX 1450 (LAF) A4 7CM',3,0,0,0,0,0,'2023-01-23 00:00:00',1,NULL,NULL,NULL),
(309,'AT-210309','ORDNER BANTEX 1451 (LAF) A4 5CM',3,0,0,0,0,0,'2023-01-23 00:00:00',1,NULL,NULL,NULL),
(310,'AT-210310','ORDNER BANTEX 1452 (LAF) A5 (KWITANSI) 7CM',3,0,0,0,0,0,'2023-01-23 00:00:00',1,NULL,NULL,NULL),
(311,'AT-210311','ORDNER BANTEX 1465 (LAF) F4 7CM BIRU',3,0,0,0,0,0,'2023-01-23 00:00:00',1,NULL,NULL,NULL),
(312,'AT-210312','ORDNER BANTEX 1465 (LAF) F4 7CM LOGO',3,0,0,0,0,0,'2023-01-23 00:00:00',1,NULL,NULL,NULL),
(313,'AT-210313','ORDNER BANTEX 1465 (LAF) F4 7CM WARNA',3,0,0,0,0,0,'2023-01-23 00:00:00',1,NULL,NULL,NULL),
(314,'AT-210314','ORDNER BANTEX 1466 (LAF) F4 5CM BIRU',3,0,0,0,0,0,'2023-01-23 00:00:00',1,NULL,NULL,NULL),
(315,'AT-210315','ORDNER BANTEX 1466 (LAF) F4 5CM WARNA',3,0,0,0,0,0,'2023-01-23 00:00:00',1,NULL,NULL,NULL),
(316,'AT-210316','ORDNER BANTEX 8522 (2DR) A4 25MM',3,0,0,0,0,0,'2023-01-23 00:00:00',1,NULL,NULL,NULL),
(317,'AT-210317','ORDNER BANTEX 8542 (2DR) A4 40MM ',3,0,0,0,0,0,'2023-01-23 00:00:00',1,NULL,NULL,NULL),
(318,'AT-210318','ORDNER BANTEX 8552 (2DR) A4 52MM',3,0,0,0,0,0,'2023-01-23 00:00:00',1,NULL,NULL,NULL),
(319,'AT-210319','ORDNER BANTEX 8562 (2DR) A4 65MM',3,0,0,0,0,0,'2023-01-23 00:00:00',1,NULL,NULL,NULL),
(320,'AT-210320','ORDNER BANTEX 8563 (2DR) F4 65MM',3,0,0,0,0,0,'2023-01-23 00:00:00',1,NULL,NULL,NULL),
(321,'AT-210321','ORDNER BANTEX 8652 (3DR) A4 52MM',3,0,0,0,0,0,'2023-01-23 00:00:00',1,NULL,NULL,NULL),
(322,'AT-210322','ORDNER BANTEX 8662 (3DR) A4 65MM',3,0,0,0,0,0,'2023-01-23 00:00:00',1,NULL,NULL,NULL),
(323,'AT-210323','PANASONIC INK FILM KX-FA 84 E',3,0,0,0,0,0,'2023-01-23 00:00:00',1,NULL,NULL,NULL),
(324,'AT-210324','PANASONIC INK FILM UG-6001',3,0,0,0,0,0,'2023-01-23 00:00:00',1,NULL,NULL,NULL),
(325,'AT-210325','PANASONIC INK FILM IF-93 A',3,0,0,0,0,0,'2023-01-23 00:00:00',1,NULL,NULL,NULL),
(326,'AT-210326','PANASONIC TONER FAX KX-FP 701',3,0,0,0,0,0,'2023-01-23 00:00:00',1,NULL,NULL,NULL),
(327,'AT-210327','PANASONIC INK FILM KX-FA 83 E',3,0,0,0,0,0,'2023-01-23 00:00:00',1,NULL,NULL,NULL),
(328,'AT-210328','DRUM  PANASONIC KX-FA 412 E',3,0,0,0,0,0,'2023-01-23 00:00:00',1,NULL,NULL,NULL),
(329,'AT-210329','TONER PANASONIC KX-FA 411 E',3,0,0,0,0,0,'2023-01-23 00:00:00',1,NULL,NULL,NULL),
(330,'AT-210330','PANASONIC INK FILM KX-FAT 92 E',3,0,0,0,0,0,'2023-01-23 00:00:00',1,NULL,NULL,NULL),
(331,'AT-210331','PAPAN JALAN ',3,0,0,0,0,0,'2023-01-23 00:00:00',1,NULL,NULL,NULL),
(332,'AT-210332','PAPAN NAMA ACRYLIC 30 CM',3,0,0,0,0,0,'2023-01-23 00:00:00',1,NULL,NULL,NULL),
(333,'AT-210333','PAPER CLIPS NO. 1 ATOM',2,0,0,0,0,0,'2023-01-23 00:00:00',1,NULL,NULL,NULL),
(334,'AT-210334','PAPER CLIPS NO. 3 ATOM',2,0,0,0,0,0,'2023-01-23 00:00:00',1,NULL,NULL,NULL),
(335,'AT-210335','PAPER CLIPS NO. 5 ATOM',2,0,0,0,0,0,'2023-01-23 00:00:00',1,NULL,NULL,NULL),
(336,'AT-210336','PAPER CLIPS WARNA WARNI',5,0,0,0,0,0,'2023-01-23 00:00:00',1,NULL,NULL,NULL),
(337,'AT-210337','PEMBOLONG 2 LUBANG KANGARO DP-800 ',3,0,0,0,0,0,'2023-01-23 00:00:00',1,NULL,NULL,NULL),
(338,'AT-210338','PEMBOLONG 3 LUBANG KW TRIO',3,0,0,0,0,0,'2023-01-23 00:00:00',1,NULL,NULL,NULL),
(339,'AT-210339','PEMBOLONG 3 LOBANG KANGAROO',3,0,0,0,0,0,'2023-01-23 00:00:00',1,NULL,NULL,NULL),
(340,'AT-210340','PEMBOLONG KERTAS NO.30 KENKO',3,0,0,0,0,0,'2023-01-23 00:00:00',1,NULL,NULL,NULL),
(341,'AT-210341','PEMBOLONG KERTAS NO.40 KENKO',3,0,0,0,0,0,'2023-01-23 00:00:00',1,NULL,NULL,NULL),
(342,'AT-210342','PEMBOLONG KERTAS NO.85 KENKO',3,0,0,0,0,0,'2023-01-23 00:00:00',1,NULL,NULL,NULL),
(343,'AT-210343','PEMBUKA STAPLES',3,0,0,0,0,0,'2023-01-23 00:00:00',1,NULL,NULL,NULL),
(344,'AT-210344','PENGGARIS BESI 15 CM',3,0,0,0,0,0,'2023-01-23 00:00:00',1,NULL,NULL,NULL),
(345,'AT-210345','PENGGARIS BESI 30 CM',3,0,0,0,0,0,'2023-01-23 00:00:00',1,NULL,NULL,NULL),
(346,'AT-210346','PENGGARIS BESI 60 CM',3,0,0,0,0,0,'2023-01-23 00:00:00',1,NULL,NULL,NULL),
(347,'AT-210347','PENGGARIS PLASTIK 30CM BUTTERFLY',3,0,0,0,0,0,'2023-01-23 00:00:00',1,NULL,NULL,NULL),
(348,'AT-210348','PENGGARIS PLASTIK 60CM BUTTERFLY',3,0,0,0,0,0,'2023-01-23 00:00:00',1,NULL,NULL,NULL),
(349,'AT-210349','PENGHAPUS BALLPOIN & PENSIL',3,0,0,0,0,0,'2023-01-23 00:00:00',1,NULL,NULL,NULL),
(350,'AT-210350','PENGHAPUS PENSIL KECIL',3,0,0,0,0,0,'2023-01-23 00:00:00',1,NULL,NULL,NULL),
(351,'AT-210351','PENGHAPUS PENSIL KECIL PELIKAN',3,0,0,0,0,0,'2023-01-23 00:00:00',1,NULL,NULL,NULL),
(352,'AT-210352','PENGHAPUS PENSIL BESAR',3,0,0,0,0,0,'2023-01-23 00:00:00',1,NULL,NULL,NULL),
(353,'AT-210353','PENGHAPUS WHITE BOARD',3,0,0,0,0,0,'2023-01-23 00:00:00',1,NULL,NULL,NULL),
(354,'AT-210354','PENSIL 12 WARNA',10,0,0,0,0,0,'2023-01-23 00:00:00',1,NULL,NULL,NULL),
(355,'AT-210355','PENSIL MEKANIK ',3,0,0,0,0,0,'2023-01-23 00:00:00',1,NULL,NULL,NULL),
(356,'AT-210356','PENSIL HB/B/2B/4B',3,0,0,0,0,0,'2023-01-23 00:00:00',1,NULL,NULL,NULL),
(357,'AT-210357','PITA PRINTER LQ 2170',3,0,0,0,0,0,'2023-01-23 00:00:00',1,NULL,NULL,NULL),
(358,'AT-210358','PITA PRINTER LQ 2180',3,0,0,0,0,0,'2023-01-23 00:00:00',1,NULL,NULL,NULL),
(359,'AT-210359','PITA PRINTER LQ 2190',3,0,0,0,0,0,'2023-01-23 00:00:00',1,NULL,NULL,NULL),
(360,'AT-210360','PITA MESIN TIK IBM /1380999',3,0,0,0,0,0,'2023-01-23 00:00:00',1,NULL,NULL,NULL),
(361,'AT-210361','PLASTIK ID CARD',3,0,0,0,0,0,'2023-01-23 00:00:00',1,NULL,NULL,NULL),
(362,'AT-210362','PP POCKET BAMBI 5220 A4 ',4,0,0,0,0,0,'2023-01-23 00:00:00',1,NULL,NULL,NULL),
(363,'AT-210363','PP POCKET BAMBI 5221 F4',4,0,0,0,0,0,'2023-01-23 00:00:00',1,NULL,NULL,NULL),
(364,'AT-210364','PP POCKET BANTEX 2035 A4 (ISI 100)',2,0,0,0,0,0,'2023-01-23 00:00:00',1,NULL,NULL,NULL),
(365,'AT-210365','PP POCKET BANTEX 2044 F4 (ISI 100)',2,0,0,0,0,0,'2023-01-23 00:00:00',1,NULL,NULL,NULL),
(366,'AT-210366','POST IT NO. 653',11,0,0,0,0,0,'2023-01-23 00:00:00',1,NULL,NULL,NULL),
(367,'AT-210367','POST IT NO. 654',11,0,0,0,0,0,'2023-01-23 00:00:00',1,NULL,NULL,NULL),
(368,'AT-210368','POST IT NO. 655',11,0,0,0,0,0,'2023-01-23 00:00:00',1,NULL,NULL,NULL),
(369,'AT-210369','POST IT NO. 656',11,0,0,0,0,0,'2023-01-23 00:00:00',1,NULL,NULL,NULL),
(370,'AT-210370','POST IT NO. 657',11,0,0,0,0,0,'2023-01-23 00:00:00',1,NULL,NULL,NULL),
(371,'AT-210371','POST IT SIGN HERE',11,0,0,0,0,0,'2023-01-23 00:00:00',1,NULL,NULL,NULL),
(372,'AT-210372','POST IT WARNA WARNI',11,0,0,0,0,0,'2023-01-23 00:00:00',1,NULL,NULL,NULL),
(373,'AT-210373','PUSH PIN ',4,0,0,0,0,0,'2023-01-23 00:00:00',1,NULL,NULL,NULL),
(374,'AT-210374','RAUTAN PENSIL  ',3,0,0,0,0,0,'2023-01-23 00:00:00',1,NULL,NULL,NULL),
(375,'AT-210375','RAUTAN PENSIL MEJA',3,0,0,0,0,0,'2023-01-23 00:00:00',1,NULL,NULL,NULL),
(376,'AT-210376','SELOTIP 1\" X 72 PANFIX / NICHIBAN',13,0,0,0,0,0,'2023-01-23 00:00:00',1,NULL,NULL,NULL),
(377,'AT-210377','SELOTIP 1/2\" X 10 PANFIX / NICHIBAN',13,0,0,0,0,0,'2023-01-23 00:00:00',1,NULL,NULL,NULL),
(378,'AT-210378','SELOTIP 1/2\" X 36 PANFIX / NICHIBAN',13,0,0,0,0,0,'2023-01-23 00:00:00',1,NULL,NULL,NULL),
(379,'AT-210379','SELOTIP 1/2\" X 72 PANFIX / NICHBAN',13,0,0,0,0,0,'2023-01-23 00:00:00',1,NULL,NULL,NULL),
(380,'AT-210380','SPIDOL 12 WARNA ',4,0,0,0,0,0,'2023-01-23 00:00:00',1,NULL,NULL,NULL),
(381,'AT-210381','SPIDOL PERMANENT JUMBO',3,0,0,0,0,0,'2023-01-23 00:00:00',1,NULL,NULL,NULL),
(382,'AT-210382','SPIDOL ARTLINE 70 ',3,0,0,0,0,0,'2023-01-23 00:00:00',1,NULL,NULL,NULL),
(383,'AT-210383','SPIDOL SNOWMAN KECIL',3,0,0,0,0,0,'2023-01-23 00:00:00',1,NULL,NULL,NULL),
(384,'AT-210384','SPIDOL PERMANENT',3,0,0,0,0,0,'2023-01-23 00:00:00',1,NULL,NULL,NULL),
(385,'AT-210385','SPIDOL WHITE BOARD',3,0,0,0,0,0,'2023-01-23 00:00:00',1,NULL,NULL,NULL),
(386,'AT-210386','SPIRAL PLASTIK 1/2\"',6,0,0,0,0,0,'2023-01-23 00:00:00',1,NULL,NULL,NULL),
(387,'AT-210387','SPIRAL PLASTIK 1/4\"',6,0,0,0,0,0,'2023-01-23 00:00:00',1,NULL,NULL,NULL),
(388,'AT-210388','SPIRAL PLASTIK 3/4\"',6,0,0,0,0,0,'2023-01-23 00:00:00',1,NULL,NULL,NULL),
(389,'AT-210389','SPIRAL PLASTIK 3/8\"',6,0,0,0,0,0,'2023-01-23 00:00:00',1,NULL,NULL,NULL),
(390,'AT-210390','SPIRAL PLASTIK 5/16\"',6,0,0,0,0,0,'2023-01-23 00:00:00',1,NULL,NULL,NULL),
(391,'AT-210391','S14ILLO PEN',3,0,0,0,0,0,'2023-01-23 00:00:00',1,NULL,NULL,NULL),
(392,'AT-210392','S14ILLO WARNA',3,0,0,0,0,0,'2023-01-23 00:00:00',1,NULL,NULL,NULL),
(393,'AT-210393','S14ILLO PELIKAN',3,0,0,0,0,0,'2023-01-23 00:00:00',1,NULL,NULL,NULL),
(394,'AT-210394','S14ILLO FABER CASTLE',3,0,0,0,0,0,'2023-01-23 00:00:00',1,NULL,NULL,NULL),
(395,'AT-210395','STAMPEL CONFIDENTIAL',3,0,0,0,0,0,'2023-01-23 00:00:00',1,NULL,NULL,NULL),
(396,'AT-210396','STAMPEL LUNAS/TGL',3,0,0,0,0,0,'2023-01-23 00:00:00',1,NULL,NULL,NULL),
(397,'AT-210397','STAMPEL PAID & DATE',3,0,0,0,0,0,'2023-01-23 00:00:00',1,NULL,NULL,NULL),
(398,'AT-210398','STAMPEL SUCOFINDO',3,0,0,0,0,0,'2023-01-23 00:00:00',1,NULL,NULL,NULL),
(399,'AT-210399','STAMPEL RECEIVED',3,0,0,0,0,0,'2023-01-23 00:00:00',1,NULL,NULL,NULL),
(400,'AT-210400','STAMPEL TANGGAL',3,0,0,0,0,0,'2023-01-23 00:00:00',1,NULL,NULL,NULL),
(401,'AT-210401','STAPLER HD-45 KANGAROO',3,0,0,0,0,0,'2023-01-23 00:00:00',1,NULL,NULL,NULL),
(402,'AT-210402','STAPLER KANGARO HS-10 Y',3,0,0,0,0,0,'2023-01-23 00:00:00',1,NULL,NULL,NULL),
(403,'AT-210403','STAPLER KENKO ',3,0,0,0,0,0,'2023-01-23 00:00:00',1,NULL,NULL,NULL),
(404,'AT-210404','STAPLER MAX HD 10',3,0,0,0,0,0,'2023-01-23 00:00:00',1,NULL,NULL,NULL),
(405,'AT-210405','STAPLER MAX HD 50',3,0,0,0,0,0,'2023-01-23 00:00:00',1,NULL,NULL,NULL),
(406,'AT-210406','STAPLES (ISI STAPLER) NO. 1213 FA-H',2,0,0,0,0,0,'2023-01-23 00:00:00',1,NULL,NULL,NULL),
(407,'AT-210407','STAPLES (ISI STAPLER) MAX 3/8 1210',2,0,0,0,0,0,'2023-01-23 00:00:00',1,NULL,NULL,NULL),
(408,'AT-210408','ISI STAPLER NO 10',2,0,0,0,0,0,'2023-01-23 00:00:00',1,NULL,NULL,NULL),
(409,'AT-210409','ISI STAPLER NO 3',2,0,0,0,0,0,'2023-01-23 00:00:00',1,NULL,NULL,NULL),
(410,'AT-210410','STICKER CD',4,0,0,0,0,0,'2023-01-23 00:00:00',1,NULL,NULL,NULL),
(411,'AT-210411','STICKER LABEL NO.100 TOM&JERY',4,0,0,0,0,0,'2023-01-23 00:00:00',1,NULL,NULL,NULL),
(412,'AT-210412','STICKER LABEL NO.101 TOM&JERY',4,0,0,0,0,0,'2023-01-23 00:00:00',1,NULL,NULL,NULL),
(413,'AT-210413','STICKER LABEL NO.108 TOM&JERY',4,0,0,0,0,0,'2023-01-23 00:00:00',1,NULL,NULL,NULL),
(414,'AT-210414','STICKER LABEL NO.119 TOM&JERY',4,0,0,0,0,0,'2023-01-23 00:00:00',1,NULL,NULL,NULL),
(415,'AT-210415','STICKER LABEL NO.121 TOM&JERY',4,0,0,0,0,0,'2023-01-23 00:00:00',1,NULL,NULL,NULL),
(416,'AT-210416','STICKER LABEL NO.124 TOM&JERY',4,0,0,0,0,0,'2023-01-23 00:00:00',1,NULL,NULL,NULL),
(417,'AT-210417','MAP DIAMOND 5001 F4 SNEL ',5,0,0,0,0,0,'2023-01-23 00:00:00',1,NULL,NULL,NULL),
(418,'AT-210418','MAP DIAMOND  5002 F4 ',5,0,0,0,0,0,'2023-01-23 00:00:00',1,NULL,NULL,NULL),
(419,'AT-210419','MAP 8840 DAICHI',5,0,0,0,0,0,'2023-01-23 00:00:00',1,NULL,NULL,NULL),
(420,'AT-210420','MAP BATIK',3,0,0,0,0,0,'2023-01-23 00:00:00',1,NULL,NULL,NULL),
(421,'AT-210421','MAP LOKAL KABITA',5,0,0,0,0,0,'2023-01-23 00:00:00',1,NULL,NULL,NULL),
(422,'AT-210422','TALI ID CARD',3,0,0,0,0,0,'2023-01-23 00:00:00',1,NULL,NULL,NULL),
(423,'AT-210423','TEMPAT SELOTIP 1X72 LION NO.20',3,0,0,0,0,0,'2023-01-23 00:00:00',1,NULL,NULL,NULL),
(424,'AT-210424','TEMPAT SELOTIP 1X72 LION NO.50',3,0,0,0,0,0,'2023-01-23 00:00:00',1,NULL,NULL,NULL),
(425,'AT-210425','TEMPAT SELOTIP 1X72 LION NO.7',3,0,0,0,0,0,'2023-01-23 00:00:00',1,NULL,NULL,NULL),
(426,'AT-210426','TINTA EPSON T 6641 BK ',3,0,0,0,0,0,'2023-01-23 00:00:00',1,NULL,NULL,NULL),
(427,'AT-210427','TINTA EPSON T 6642 C ',3,0,0,0,0,0,'2023-01-23 00:00:00',1,NULL,NULL,NULL),
(428,'AT-210428','TINTA EPSON T 6643 M ',3,0,0,0,0,0,'2023-01-23 00:00:00',1,NULL,NULL,NULL),
(429,'AT-210429','TINTA EPSON T 6644 Y',3,0,0,0,0,0,'2023-01-23 00:00:00',1,NULL,NULL,NULL),
(430,'AT-210430','TINTA EPSON T 6731 BK (L 800)',3,0,0,0,0,0,'2023-01-23 00:00:00',1,NULL,NULL,NULL),
(431,'AT-210431','TINTA EPSON T 6732 C (L 800)',3,0,0,0,0,0,'2023-01-23 00:00:00',1,NULL,NULL,NULL),
(432,'AT-210432','TINTA EPSON 003 BK',3,0,0,0,0,0,'2023-01-23 00:00:00',1,NULL,NULL,NULL),
(433,'AT-210433','TINTA EPSON 003 CYAN',3,0,0,0,0,0,'2023-01-23 00:00:00',1,NULL,NULL,NULL),
(434,'AT-210434','TINTA EPSON 003 MAGENTA',3,0,0,0,0,0,'2023-01-23 00:00:00',1,NULL,NULL,NULL),
(435,'AT-210435','TINTA EPSON 003 YELLOW',3,0,0,0,0,0,'2023-01-23 00:00:00',1,NULL,NULL,NULL),
(436,'AT-210436','TINTA STAMPEL SCI 3 WARNA,',4,0,0,0,0,0,'2023-01-23 00:00:00',1,NULL,NULL,NULL),
(437,'AT-210437','TIP EX KERTAS',3,0,0,0,0,0,'2023-01-23 00:00:00',1,NULL,NULL,NULL),
(438,'AT-210438','TIP EX  KENKO BOTOL MERAH',3,0,0,0,0,0,'2023-01-23 00:00:00',1,NULL,NULL,NULL),
(439,'AT-210439','TIP EX  RE-TYPE',4,0,0,0,0,0,'2023-01-23 00:00:00',1,NULL,NULL,NULL),
(440,'AT-210440','TIP-EX PEN',3,0,0,0,0,0,'2023-01-23 00:00:00',1,NULL,NULL,NULL),
(441,'AT-210441','TIP-EX PENTEL  KECIL',3,0,0,0,0,0,'2023-01-23 00:00:00',1,NULL,NULL,NULL),
(442,'AT-210442','TIP-EX PENTEL ZL-31 W',3,0,0,0,0,0,'2023-01-23 00:00:00',1,NULL,NULL,NULL),
(443,'AT-210443','TISSUE 120 SHEET ',7,0,0,0,0,0,'2023-01-23 00:00:00',1,NULL,NULL,NULL),
(444,'AT-210444','TISSUE 250 SHEET ',7,0,0,0,0,0,'2023-01-23 00:00:00',1,NULL,NULL,NULL),
(445,'AT-210445','TONER BROTHER TN 2260',3,0,0,0,0,0,'2023-01-23 00:00:00',1,NULL,NULL,NULL),
(446,'AT-210446','TONER CANON 303',3,0,0,0,0,0,'2023-01-23 00:00:00',1,NULL,NULL,NULL),
(447,'AT-210447','TONER EPSON ACULASER M2000 BK',3,0,0,0,0,0,'2023-01-23 00:00:00',1,NULL,NULL,NULL),
(448,'AT-210448','TONER HP 05A BK - CE505A',3,0,0,0,0,0,'2023-01-23 00:00:00',1,NULL,NULL,NULL),
(449,'AT-210449','TONER HP 10A BK - Q2610A',3,0,0,0,0,0,'2023-01-23 00:00:00',1,NULL,NULL,NULL),
(450,'AT-210450','TONER HP 11A BK - Q6511A',3,0,0,0,0,0,'2023-01-23 00:00:00',1,NULL,NULL,NULL),
(451,'AT-210451','TONER HP 122A BK - Q3960A',3,0,0,0,0,0,'2023-01-23 00:00:00',1,NULL,NULL,NULL),
(452,'AT-210452','TONER HP 122A C - Q3961A  ',3,0,0,0,0,0,'2023-01-23 00:00:00',1,NULL,NULL,NULL),
(453,'AT-210453','TONER HP 122A M - Q3963A  ',3,0,0,0,0,0,'2023-01-23 00:00:00',1,NULL,NULL,NULL),
(454,'AT-210454','TONER HP 122A Y - Q3962A  ',3,0,0,0,0,0,'2023-01-23 00:00:00',1,NULL,NULL,NULL),
(455,'AT-210455','TONER HP 125A BK - CB540A',3,0,0,0,0,0,'2023-01-23 00:00:00',1,NULL,NULL,NULL),
(456,'AT-210456','TONER HP 125A C - CB541A',3,0,0,0,0,0,'2023-01-23 00:00:00',1,NULL,NULL,NULL),
(457,'AT-210457','TONER HP 125A M - CB543A',3,0,0,0,0,0,'2023-01-23 00:00:00',1,NULL,NULL,NULL),
(458,'AT-210458','TONER HP 125A Y - CB542A',3,0,0,0,0,0,'2023-01-23 00:00:00',1,NULL,NULL,NULL),
(459,'AT-210459','TONER HP 126A BK - CE310A',3,0,0,0,0,0,'2023-01-23 00:00:00',1,NULL,NULL,NULL),
(460,'AT-210460','TONER HP 126A BK - CE310A (REFILL)',3,0,0,0,0,0,'2023-01-23 00:00:00',1,NULL,NULL,NULL),
(461,'AT-210461','TONER HP 126A C - CE311A',3,0,0,0,0,0,'2023-01-23 00:00:00',1,NULL,NULL,NULL),
(462,'AT-210462','TONER HP 126A C - CE311A (REFILL)',3,0,0,0,0,0,'2023-01-23 00:00:00',1,NULL,NULL,NULL),
(463,'AT-210463','TONER HP 126A M - CE313A',3,0,0,0,0,0,'2023-01-23 00:00:00',1,NULL,NULL,NULL),
(464,'AT-210464','TONER HP 126A M - CE313A (REFILL)',3,0,0,0,0,0,'2023-01-23 00:00:00',1,NULL,NULL,NULL),
(465,'AT-210465','TONER HP 126A Y - CE312A',3,0,0,0,0,0,'2023-01-23 00:00:00',1,NULL,NULL,NULL),
(466,'AT-210466','TONER HP 126A Y - CE312A (REFILL)',3,0,0,0,0,0,'2023-01-23 00:00:00',1,NULL,NULL,NULL),
(467,'AT-210467','TONER HP 12A BK - Q2612A',3,0,0,0,0,0,'2023-01-23 00:00:00',1,NULL,NULL,NULL),
(468,'AT-210468','TONER HP 130A BK - CF350A',3,0,0,0,0,0,'2023-01-23 00:00:00',1,NULL,NULL,NULL),
(469,'AT-210469','TONER HP 130A C - CF351A',3,0,0,0,0,0,'2023-01-23 00:00:00',1,NULL,NULL,NULL),
(470,'AT-210470','TONER HP 130A M - CF352A',3,0,0,0,0,0,'2023-01-23 00:00:00',1,NULL,NULL,NULL),
(471,'AT-210471','TONER HP 130A Y - CF353A',3,0,0,0,0,0,'2023-01-23 00:00:00',1,NULL,NULL,NULL),
(472,'AT-210472','TONER HP 131A BK - CF210A',3,0,0,0,0,0,'2023-01-23 00:00:00',1,NULL,NULL,NULL),
(473,'AT-210473','TONER HP 131A BK - CF210A (REFILL)',3,0,0,0,0,0,'2023-01-23 00:00:00',1,NULL,NULL,NULL),
(474,'AT-210474','TONER HP 131A C - CF211A',3,0,0,0,0,0,'2023-01-23 00:00:00',1,NULL,NULL,NULL),
(475,'AT-210475','TONER HP 131A C - CF211A (REFILL)',3,0,0,0,0,0,'2023-01-23 00:00:00',1,NULL,NULL,NULL),
(476,'AT-210476','TONER HP 131A M - CF212A (REFILL)',3,0,0,0,0,0,'2023-01-23 00:00:00',1,NULL,NULL,NULL),
(477,'AT-210477','TONER HP 131A M - CF212A',3,0,0,0,0,0,'2023-01-23 00:00:00',1,NULL,NULL,NULL),
(478,'AT-210478','TONER HP 131A Y - CF213A',3,0,0,0,0,0,'2023-01-23 00:00:00',1,NULL,NULL,NULL),
(479,'AT-210479','TONER HP 131A Y - CF213A (REFILL)',3,0,0,0,0,0,'2023-01-23 00:00:00',1,NULL,NULL,NULL),
(480,'AT-210480','TONER HP 13A BK - Q2613A',3,0,0,0,0,0,'2023-01-23 00:00:00',1,NULL,NULL,NULL),
(481,'AT-210481','TONER HP 15A BK - C7115A',3,0,0,0,0,0,'2023-01-23 00:00:00',1,NULL,NULL,NULL),
(482,'AT-210482','TONER HP 16A BK - Q7516A',3,0,0,0,0,0,'2023-01-23 00:00:00',1,NULL,NULL,NULL),
(483,'AT-210483','TONER HP 29X BK - C4129X',3,0,0,0,0,0,'2023-01-23 00:00:00',1,NULL,NULL,NULL),
(484,'AT-210484','TONER HP 304A BK - CC530A',3,0,0,0,0,0,'2023-01-23 00:00:00',1,NULL,NULL,NULL),
(485,'AT-210485','TONER HP 304A C - CC531A',3,0,0,0,0,0,'2023-01-23 00:00:00',1,NULL,NULL,NULL),
(486,'AT-210486','TONER HP 304A M - CC532A',3,0,0,0,0,0,'2023-01-23 00:00:00',1,NULL,NULL,NULL),
(487,'AT-210487','TONER HP 304A Y - CC533A',3,0,0,0,0,0,'2023-01-23 00:00:00',1,NULL,NULL,NULL),
(488,'AT-210488','TONER HP 305A BK - CE410A',3,0,0,0,0,0,'2023-01-23 00:00:00',1,NULL,NULL,NULL),
(489,'AT-210489','TONER HP 305A C - CE411A',3,0,0,0,0,0,'2023-01-23 00:00:00',1,NULL,NULL,NULL),
(490,'AT-210490','TONER HP 305A Y - CE412A',3,0,0,0,0,0,'2023-01-23 00:00:00',1,NULL,NULL,NULL),
(491,'AT-210491','TONER HP 305A M - CE413A',3,0,0,0,0,0,'2023-01-23 00:00:00',1,NULL,NULL,NULL),
(492,'AT-210492','TONER HP 35A BK - CB435A',3,0,0,0,0,0,'2023-01-23 00:00:00',1,NULL,NULL,NULL),
(493,'AT-210493','TONER HP 36A BK - CB436A',3,0,0,0,0,0,'2023-01-23 00:00:00',1,NULL,NULL,NULL),
(494,'AT-210494','TONER HP 42A BK - Q5942A',3,0,0,0,0,0,'2023-01-23 00:00:00',1,NULL,NULL,NULL),
(495,'AT-210495','TONER HP 49A BK - Q5949A',3,0,0,0,0,0,'2023-01-23 00:00:00',1,NULL,NULL,NULL),
(496,'AT-210496','TONER HP 501A BK - Q6470A',3,0,0,0,0,0,'2023-01-23 00:00:00',1,NULL,NULL,NULL),
(497,'AT-210497','TONER HP 502A Y - Q6472A',3,0,0,0,0,0,'2023-01-23 00:00:00',1,NULL,NULL,NULL),
(498,'AT-210498','TONER HP 503A C - Q7581A',3,0,0,0,0,0,'2023-01-23 00:00:00',1,NULL,NULL,NULL),
(499,'AT-210499','TONER HP 503A M - Q7583A',3,0,0,0,0,0,'2023-01-23 00:00:00',1,NULL,NULL,NULL),
(500,'AT-210500','TONER HP 503A Y - Q7582A',3,0,0,0,0,0,'2023-01-23 00:00:00',1,NULL,NULL,NULL),
(501,'AT-210501','TONER HP 504A BK - CE250A',3,0,0,0,0,0,'2023-01-23 00:00:00',1,NULL,NULL,NULL),
(502,'AT-210502','TONER HP 504A C - CE251A',3,0,0,0,0,0,'2023-01-23 00:00:00',1,NULL,NULL,NULL),
(503,'AT-210503','TONER HP 504A M - CE253A',3,0,0,0,0,0,'2023-01-23 00:00:00',1,NULL,NULL,NULL),
(504,'AT-210504','TONER HP 504A Y - CE252A',3,0,0,0,0,0,'2023-01-23 00:00:00',1,NULL,NULL,NULL),
(505,'AT-210505','TONER HP 507A BK - CE400A',3,0,0,0,0,0,'2023-01-23 00:00:00',1,NULL,NULL,NULL),
(506,'AT-210506','TONER HP 507A C - CE401A',3,0,0,0,0,0,'2023-01-23 00:00:00',1,NULL,NULL,NULL),
(507,'AT-210507','TONER HP 507A M - CE402A',3,0,0,0,0,0,'2023-01-23 00:00:00',1,NULL,NULL,NULL),
(508,'AT-210508','TONER HP 507A Y - CE403A',3,0,0,0,0,0,'2023-01-23 00:00:00',1,NULL,NULL,NULL),
(509,'AT-210509','TONER HP 51A BK - Q7551A',3,0,0,0,0,0,'2023-01-23 00:00:00',1,NULL,NULL,NULL),
(510,'AT-210510','TONER HP 53A BK - Q7553A',3,0,0,0,0,0,'2023-01-23 00:00:00',1,NULL,NULL,NULL),
(511,'AT-210511','TONER HP 53A BK - Q7553A (REFILL)',3,0,0,0,0,0,'2023-01-23 00:00:00',1,NULL,NULL,NULL),
(512,'AT-210512','TONER HP 55A BK - CE255A',3,0,0,0,0,0,'2023-01-23 00:00:00',1,NULL,NULL,NULL),
(513,'AT-210513','TONER HP 645A BK - C9730A',3,0,0,0,0,0,'2023-01-23 00:00:00',1,NULL,NULL,NULL),
(514,'AT-210514','TONER HP 645A C - C9731A',3,0,0,0,0,0,'2023-01-23 00:00:00',1,NULL,NULL,NULL),
(515,'AT-210515','TONER HP 645A M - C9733A',3,0,0,0,0,0,'2023-01-23 00:00:00',1,NULL,NULL,NULL),
(516,'AT-210516','TONER HP 645A Y - C9732A',3,0,0,0,0,0,'2023-01-23 00:00:00',1,NULL,NULL,NULL),
(517,'AT-210517','TONER HP 78A BK - CE278A',3,0,0,0,0,0,'2023-01-23 00:00:00',1,NULL,NULL,NULL),
(518,'AT-210518','TONER HP 78A BK - CE278A (REFILL)',3,0,0,0,0,0,'2023-01-23 00:00:00',1,NULL,NULL,NULL),
(519,'AT-210519','TONER HP 80A BK - CF280A',3,0,0,0,0,0,'2023-01-23 00:00:00',1,NULL,NULL,NULL),
(520,'AT-210520','TONER HP 80A BK - CF280A (REFILL)',3,0,0,0,0,0,'2023-01-23 00:00:00',1,NULL,NULL,NULL),
(521,'AT-210521','TONER HP 85A - CE 285A (REFILL)',3,0,0,0,0,0,'2023-01-23 00:00:00',1,NULL,NULL,NULL),
(522,'AT-210522','TONER HP 85A - CE285A',3,0,0,0,0,0,'2023-01-23 00:00:00',1,NULL,NULL,NULL),
(523,'AT-210523','TONER HP 95A - C8766A',3,0,0,0,0,0,'2023-01-23 00:00:00',1,NULL,NULL,NULL),
(524,'AT-210524','TONER HP IMAGING DRUM KIT - Q3964A',3,0,0,0,0,0,'2023-01-23 00:00:00',1,NULL,NULL,NULL),
(525,'AT-210525','TONER XEROX C3210 BK - CT350485 HIGH',3,0,0,0,0,0,'2023-01-23 00:00:00',1,NULL,NULL,NULL),
(526,'AT-210526','TONER XEROX C3210 C - CT350486 HIGH',3,0,0,0,0,0,'2023-01-23 00:00:00',1,NULL,NULL,NULL),
(527,'AT-210527','TONER XEROX C3210 M - CT350487 HIGH',3,0,0,0,0,0,'2023-01-23 00:00:00',1,NULL,NULL,NULL),
(528,'AT-210528','TONER XEROX C3210 Y - CT350488 HIGH',3,0,0,0,0,0,'2023-01-23 00:00:00',1,NULL,NULL,NULL),
(529,'AT-210529','TONER XEROX CM/CP 305 BK',3,0,0,0,0,0,'2023-01-23 00:00:00',1,NULL,NULL,NULL),
(530,'AT-210530','TONER XEROX CM/CP 305 C',3,0,0,0,0,0,'2023-01-23 00:00:00',1,NULL,NULL,NULL),
(531,'AT-210531','TONER XEROX CM/CP 305 M ',3,0,0,0,0,0,'2023-01-23 00:00:00',1,NULL,NULL,NULL),
(532,'AT-210532','TONER XEROX CM/CP 305 Y ',3,0,0,0,0,0,'2023-01-23 00:00:00',1,NULL,NULL,NULL),
(533,'AT-210533','TONER XEROX CP 205 BK',3,0,0,0,0,0,'2023-01-23 00:00:00',1,NULL,NULL,NULL),
(534,'AT-210534','TONER XEROX CP 205 CYAN',3,0,0,0,0,0,'2023-01-23 00:00:00',1,NULL,NULL,NULL),
(535,'AT-210535','TONER XEROX CP 205 MAGENTA',3,0,0,0,0,0,'2023-01-23 00:00:00',1,NULL,NULL,NULL),
(536,'AT-210536','TONER XEROX CP 205 YELLOW',3,0,0,0,0,0,'2023-01-23 00:00:00',1,NULL,NULL,NULL),
(537,'AT-210537','TONER XEROX PHASER 3435 - HIGH',3,0,0,0,0,0,'2023-01-23 00:00:00',1,NULL,NULL,NULL),
(538,'AT-210538','XEROX DRUM CARTRIDGE CM 305',3,0,0,0,0,0,'2023-01-23 00:00:00',1,NULL,NULL,NULL),
(539,'AT-210539','ZIPPER BAG FOLIO TEBAL 6 CM',3,0,0,0,0,0,'2023-01-23 00:00:00',1,NULL,NULL,NULL),
(540,'AT-210540','EXT HARDDISK 500 GB',3,0,0,0,0,0,'2023-01-23 00:00:00',1,NULL,NULL,NULL),
(541,'AT-210541','BPTP',3,0,0,0,0,0,'2023-01-23 00:00:00',1,NULL,NULL,NULL),
(542,'AT-210542','SOLASI HITAM PUTIUH A4',2,0,0,0,1000,500,'2023-02-14 22:29:26',1,1,NULL,NULL);

/*Table structure for table `mst_customer` */

DROP TABLE IF EXISTS `mst_customer`;

CREATE TABLE `mst_customer` (
  `id_customer` int(11) NOT NULL AUTO_INCREMENT,
  `name_customer` varchar(255) DEFAULT NULL,
  `npwp_customer` varchar(255) DEFAULT NULL,
  `address_customer` text DEFAULT NULL,
  `cp_customer` varchar(255) DEFAULT NULL,
  `tlp_customer` varchar(255) DEFAULT NULL,
  `status` int(11) DEFAULT NULL,
  `tgl_create` datetime DEFAULT NULL,
  KEY `id_vendor` (`id_customer`)
) ENGINE=InnoDB AUTO_INCREMENT=2 DEFAULT CHARSET=utf8;

/*Data for the table `mst_customer` */

insert  into `mst_customer`(`id_customer`,`name_customer`,`npwp_customer`,`address_customer`,`cp_customer`,`tlp_customer`,`status`,`tgl_create`) values 
(1,'Kang Dru','01.01.21.30.12.16','Kota Bekasi Jawa Barat','KGDR OFFICIAL','081211159962',1,'2023-02-14 19:20:38');

/*Table structure for table `mst_users` */

DROP TABLE IF EXISTS `mst_users`;

CREATE TABLE `mst_users` (
  `id_user` int(11) NOT NULL AUTO_INCREMENT,
  `name_user` varchar(255) DEFAULT NULL,
  `username` varchar(255) DEFAULT NULL,
  `password` varchar(255) DEFAULT NULL,
  `show_pass` varchar(255) DEFAULT NULL,
  `level_user` enum('ADMIN','ATK','TRAVEL') DEFAULT NULL,
  `tgl_create` datetime DEFAULT NULL,
  `foto_user` varchar(255) DEFAULT NULL,
  `status` int(11) DEFAULT NULL,
  KEY `id_user` (`id_user`)
) ENGINE=InnoDB AUTO_INCREMENT=2 DEFAULT CHARSET=utf8;

/*Data for the table `mst_users` */

insert  into `mst_users`(`id_user`,`name_user`,`username`,`password`,`show_pass`,`level_user`,`tgl_create`,`foto_user`,`status`) values 
(1,'Kang Dru','kgdr','$2y$10$0PK4J7mCX2cEmh/qCbtxJeZMBZLhaNTXkbCYQxhHAZnF88c1.Rc0y','123','ADMIN','2023-02-15 06:13:34','default.jpg',1);

/*Table structure for table `mst_vendor` */

DROP TABLE IF EXISTS `mst_vendor`;

CREATE TABLE `mst_vendor` (
  `id_vendor` int(11) NOT NULL AUTO_INCREMENT,
  `name_vendor` varchar(255) DEFAULT NULL,
  `npwp` varchar(255) DEFAULT NULL,
  `address_vendor` text DEFAULT NULL,
  `cp_name` varchar(255) DEFAULT NULL,
  `no_tlp` varchar(255) DEFAULT NULL,
  `status` int(11) DEFAULT NULL,
  `tgl_create` datetime DEFAULT NULL,
  KEY `id_vendor` (`id_vendor`)
) ENGINE=InnoDB AUTO_INCREMENT=3 DEFAULT CHARSET=utf8;

/*Data for the table `mst_vendor` */

insert  into `mst_vendor`(`id_vendor`,`name_vendor`,`npwp`,`address_vendor`,`cp_name`,`no_tlp`,`status`,`tgl_create`) values 
(1,'RIA','01.945.541.9.061.000','Jl. Inspeksi Kali Grogol RT 06 RW 04 No. 45A Jakarta Barat 11480','BRAVO MULTI COMP','-',1,'2023-02-14 18:21:49'),
(2,'HERI','01.945.541.9.061.000','MANGGA DUA BLOK EI 60-63 JL. RAYA MANGGA DUA RAYA, ANCOL','SETIA UTAMA','-',1,'2023-02-15 21:28:38');

/*Table structure for table `trx_barang_masuk` */

DROP TABLE IF EXISTS `trx_barang_masuk`;

CREATE TABLE `trx_barang_masuk` (
  `id_brg_masuk` int(11) NOT NULL AUTO_INCREMENT,
  `id_po_brg` int(11) DEFAULT NULL,
  `id_brg_atk` int(11) DEFAULT NULL,
  `qty_brg_masuk` int(11) DEFAULT NULL,
  `hpp_brg_masuk` int(11) DEFAULT NULL,
  `date_masuk` datetime DEFAULT NULL,
  `status` enum('ORDER','DITERIMA') DEFAULT NULL,
  KEY `id_brg_masuk` (`id_brg_masuk`)
) ENGINE=InnoDB AUTO_INCREMENT=12 DEFAULT CHARSET=utf8;

/*Data for the table `trx_barang_masuk` */

insert  into `trx_barang_masuk`(`id_brg_masuk`,`id_po_brg`,`id_brg_atk`,`qty_brg_masuk`,`hpp_brg_masuk`,`date_masuk`,`status`) values 
(1,1,1,100,NULL,NULL,'ORDER'),
(2,1,249,100,NULL,NULL,'ORDER'),
(3,1,23,50,NULL,NULL,'ORDER'),
(4,1,6,100,NULL,NULL,'ORDER'),
(5,2,10,1000,NULL,NULL,'ORDER'),
(6,2,286,1000,NULL,NULL,'ORDER'),
(7,2,257,50,NULL,NULL,'ORDER'),
(8,3,287,100,NULL,NULL,'ORDER'),
(9,3,396,50,NULL,NULL,'ORDER'),
(10,3,19,500,NULL,NULL,'ORDER'),
(11,3,381,5000,NULL,NULL,'ORDER');

/*Table structure for table `trx_po` */

DROP TABLE IF EXISTS `trx_po`;

CREATE TABLE `trx_po` (
  `id_po` int(11) NOT NULL AUTO_INCREMENT,
  `no_po` varchar(255) DEFAULT NULL,
  `jml_brg` int(11) DEFAULT NULL,
  `id_vendor` int(11) DEFAULT NULL,
  `tgl_create_po` datetime DEFAULT NULL,
  `user_create` int(11) DEFAULT NULL,
  `status` enum('ORDER','CLOSE') DEFAULT NULL,
  KEY `id_po` (`id_po`)
) ENGINE=InnoDB AUTO_INCREMENT=4 DEFAULT CHARSET=utf8;

/*Data for the table `trx_po` */

insert  into `trx_po`(`id_po`,`no_po`,`jml_brg`,`id_vendor`,`tgl_create_po`,`user_create`,`status`) values 
(1,'0001/WNT/PO-ATK/II/2023',4,1,'2023-02-17 21:56:07',1,'ORDER'),
(2,'0002/WNT/PO-ATK/II/2023',3,2,'2023-02-17 22:38:26',1,'ORDER'),
(3,'0003/WNT/PO-ATK/II/2023',4,1,'2023-02-18 10:54:31',1,'ORDER');

/*Table structure for table `trx_satuan` */

DROP TABLE IF EXISTS `trx_satuan`;

CREATE TABLE `trx_satuan` (
  `id_satuan` int(11) NOT NULL AUTO_INCREMENT,
  `name_satuan` varchar(255) DEFAULT NULL,
  `status_satuan` int(11) DEFAULT NULL,
  PRIMARY KEY (`id_satuan`)
) ENGINE=InnoDB AUTO_INCREMENT=16 DEFAULT CHARSET=utf8;

/*Data for the table `trx_satuan` */

insert  into `trx_satuan`(`id_satuan`,`name_satuan`,`status_satuan`) values 
(1,'LEMBAR',1),
(2,'DUS',1),
(3,'BUAH',1),
(4,'SET',1),
(5,'PACK',1),
(6,'BATANG',1),
(7,'BOX',1),
(8,'BTL',1),
(9,'BUKU',1),
(10,'LUSIN',1),
(11,'PAD',1),
(12,'RIM',1),
(13,'ROLL',1),
(14,'TAB',1),
(15,'TUBE',1);

/*Table structure for table `trx_stock_opname` */

DROP TABLE IF EXISTS `trx_stock_opname`;

CREATE TABLE `trx_stock_opname` (
  `id_stock_opname` int(11) NOT NULL AUTO_INCREMENT,
  `id_brg_atk` int(11) DEFAULT NULL,
  `qty_stock_opname` int(11) DEFAULT NULL,
  `hpp_stock_opname` int(11) DEFAULT NULL,
  `date_create` datetime DEFAULT NULL,
  `status` int(11) DEFAULT NULL,
  KEY `id_stock_opname` (`id_stock_opname`)
) ENGINE=InnoDB AUTO_INCREMENT=3 DEFAULT CHARSET=utf8;

/*Data for the table `trx_stock_opname` */

insert  into `trx_stock_opname`(`id_stock_opname`,`id_brg_atk`,`qty_stock_opname`,`hpp_stock_opname`,`date_create`,`status`) values 
(1,1,100,500,'2023-02-11 19:24:27',1),
(2,2,5,300,'2023-02-12 10:47:38',1);

/*Table structure for table `trx_temp_po` */

DROP TABLE IF EXISTS `trx_temp_po`;

CREATE TABLE `trx_temp_po` (
  `id_po` int(11) NOT NULL AUTO_INCREMENT,
  `id_brg` int(11) DEFAULT NULL,
  `qty_po` int(11) DEFAULT NULL,
  KEY `id_po` (`id_po`)
) ENGINE=InnoDB DEFAULT CHARSET=utf8;

/*Data for the table `trx_temp_po` */

/*!40101 SET SQL_MODE=@OLD_SQL_MODE */;
/*!40014 SET FOREIGN_KEY_CHECKS=@OLD_FOREIGN_KEY_CHECKS */;
/*!40014 SET UNIQUE_CHECKS=@OLD_UNIQUE_CHECKS */;
/*!40111 SET SQL_NOTES=@OLD_SQL_NOTES */;
